user_id,listening_date,avg_valence,avg_energy,avg_tempo,total_duration_ms,emotional_intensity,track_count,total_duration_minutes,mood_trend,rolling_mean_valence_3d,valence_std_3d,duration_delta,stable_low,trend_class,risk_score,risk_rank,is_low_valence_day,low_valence_flag,low_mood_streak,consecutive_low_streak,mood_status,recommendation_stage
user_001,2026-04-13,0.376,0.657,121.57,1067352,11.285283,8,17.79,0.0,0.376,0.0,0.0,1,stable,0.0295,1218,True,1,1,1,Normal,neutral
user_001,2026-04-14,0.443,0.532,102.23,2602467,27.720097,16,43.37,0.067,0.409,0.047,25.58,0,improving,0.2089,405,False,0,0,0,Normal,neutral
user_001,2026-04-15,0.415,0.536,125.92,2035673,19.545815,15,33.93,-0.028,0.411,0.034,-9.44,0,worsening,0.1287,830,False,0,0,0,Normal,neutral
user_001,2026-04-16,0.409,0.568,137.84,1488165,16.156519,12,24.8,-0.006,0.422,0.018,-9.13,0,stable,0.0646,1137,False,0,0,0,Normal,neutral
user_001,2026-04-17,0.407,0.568,118.98,1707303,17.515743,12,28.46,-0.002,0.41,0.004,3.66,0,stable,0.0753,1100,False,0,0,0,Normal,neutral
user_001,2026-04-18,0.33,0.486,119.12,2973153,38.332817,17,49.55,-0.077,0.382,0.045,21.09,1,worsening,0.2763,179,True,1,1,1,Normal,neutral
user_001,2026-04-19,0.487,0.716,124.21,1018552,9.533596,8,16.98,0.157,0.408,0.079,-32.57,0,improving,0.2123,391,False,0,0,0,Normal,neutral
user_001,2026-04-20,0.154,0.395,111.81,2018731,28.693039,15,33.65,-0.333,0.324,0.167,16.67,0,worsening,0.5402,3,True,1,1,1,Normal,reflective
user_001,2026-04-21,0.123,0.666,122.57,1146007,16.777277,10,19.1,-0.031,0.255,0.202,-14.55,0,worsening,0.0873,1041,True,1,2,2,Normal,reflective
user_001,2026-04-22,0.121,0.423,115.52,1215502,17.601501,9,20.26,-0.002,0.133,0.019,1.16,1,stable,0.0594,1153,True,1,3,3,Prolonged Low Mood,reflective
user_001,2026-04-23,0.532,0.647,129.91,1921843,13.681427,13,32.03,0.411,0.259,0.237,11.77,0,improving,0.5694,2,False,0,0,0,Normal,light positive
user_001,2026-04-24,0.457,0.55,108.35,2898592,25.988861,18,48.31,-0.075,0.37,0.219,16.28,0,worsening,0.2344,304,False,0,0,0,Normal,neutral
user_001,2026-04-25,0.466,0.526,116.43,2266270,21.745377,16,37.77,0.009,0.485,0.041,-10.54,0,stable,0.1119,925,False,0,0,0,Normal,neutral
user_001,2026-04-26,0.501,0.701,118.83,2261822,19.736902,16,37.7,0.035,0.475,0.023,-0.07,0,improving,0.1366,786,False,0,0,0,Normal,light positive
user_001,2026-04-27,0.483,0.565,123.4,1575882,14.0588045,15,26.26,-0.018,0.483,0.018,-11.44,0,stable,0.0774,1089,False,0,0,0,Normal,neutral
user_001,2026-04-28,0.532,0.633,127.47,2313398,17.746744,16,38.56,0.049,0.505,0.025,12.3,0,improving,0.1507,696,False,0,0,0,Normal,light positive
user_001,2026-04-29,0.399,0.53,120.02,1666219,17.82772,13,27.77,-0.133,0.471,0.067,-10.79,0,worsening,0.2327,311,True,1,1,1,Normal,neutral
user_001,2026-04-30,0.292,0.577,120.27,1280462,15.480333,9,21.34,-0.107,0.408,0.12,-6.43,0,worsening,0.1814,539,True,1,2,2,Normal,reflective
user_001,2026-05-01,0.372,0.549,125.78,2686413,26.070395,17,44.77,0.08,0.354,0.056,23.43,1,improving,0.2472,259,True,1,3,3,Prolonged Low Mood,neutral
user_001,2026-05-02,0.293,0.592,111.2,1740922,21.291563,12,29.02,-0.079,0.319,0.046,-15.75,1,worsening,0.1858,518,True,1,4,4,Prolonged Low Mood,reflective
user_001,2026-05-03,0.357,0.49,109.53,2285479,26.827204,13,38.09,0.064,0.341,0.042,9.07,1,improving,0.2008,442,True,1,5,5,Prolonged Low Mood,neutral
user_002,2026-04-13,0.604,0.627,112.66,1203737,8.06256,12,20.06,0.0,0.604,0.0,0.0,0,stable,0.0251,1223,False,0,0,0,Normal,light positive
user_002,2026-04-14,0.361,0.665,132.28,952854,10.785966,10,15.88,-0.243,0.482,0.172,-4.18,0,worsening,0.3172,99,True,1,1,1,Normal,neutral
user_002,2026-04-15,0.427,0.567,112.75,2545846,23.5794,18,42.43,0.066,0.464,0.126,26.55,0,improving,0.2075,415,False,0,0,0,Normal,neutral
user_002,2026-04-16,0.393,0.576,120.97,1990647,21.93746,16,33.18,-0.034,0.394,0.033,-9.25,1,worsening,0.1363,789,True,1,1,1,Normal,neutral
user_002,2026-04-17,0.354,0.583,102.47,2548905,29.40661,15,42.48,-0.039,0.391,0.037,9.3,1,worsening,0.1911,490,True,1,2,2,Normal,neutral
user_002,2026-04-18,0.522,0.616,120.0,1680652,12.332481,12,28.01,0.168,0.423,0.088,-14.47,0,improving,0.2616,212,False,0,0,0,Normal,light positive
user_002,2026-04-19,0.349,0.665,119.5,2524286,26.429182,17,42.07,-0.173,0.408,0.098,14.06,0,worsening,0.3533,57,True,1,1,1,Normal,neutral
user_002,2026-04-20,0.418,0.567,110.37,1339994,13.782507,13,22.33,0.069,0.43,0.087,-19.74,0,improving,0.1302,822,False,0,0,0,Normal,neutral
user_002,2026-04-21,0.32,0.586,127.45,1447272,16.964642,12,24.12,-0.098,0.362,0.05,1.79,1,worsening,0.1819,537,True,1,1,1,Normal,neutral
user_002,2026-04-22,0.452,0.545,119.25,1847880,16.649714,12,30.8,0.132,0.397,0.069,6.68,1,improving,0.237,294,False,0,0,0,Normal,neutral
user_002,2026-04-23,0.536,0.641,107.09,1271804,9.33248,10,21.2,0.084,0.436,0.109,-9.6,0,improving,0.1353,794,False,0,0,0,Normal,light positive
user_002,2026-04-24,0.523,0.622,108.35,1042930,10.095933,9,17.38,-0.013,0.504,0.045,-3.82,0,stable,0.037,1211,False,0,0,0,Normal,light positive
user_002,2026-04-25,0.468,0.503,122.59,1734625,16.701101,14,28.91,-0.055,0.509,0.036,11.53,0,worsening,0.134,803,False,0,0,0,Normal,neutral
user_002,2026-04-26,0.383,0.562,128.5,4554074,58.46112,17,75.9,-0.085,0.458,0.071,46.99,0,worsening,0.3869,32,True,1,1,1,Normal,neutral
user_002,2026-04-27,0.485,0.647,117.37,676729,6.614455,8,11.28,0.102,0.445,0.055,-64.62,0,improving,0.1246,847,False,0,0,0,Normal,neutral
user_002,2026-04-28,0.433,0.622,122.62,2080471,19.406448,17,34.67,-0.052,0.434,0.051,23.39,0,worsening,0.1579,653,False,0,0,0,Normal,neutral
user_002,2026-04-29,0.553,0.717,127.79,2427552,21.093086,17,40.46,0.12,0.49,0.06,5.79,0,improving,0.239,287,False,0,0,0,Normal,light positive
user_002,2026-04-30,0.488,0.532,122.84,2078903,20.726925,11,34.65,-0.065,0.491,0.06,-5.81,0,worsening,0.1645,619,False,0,0,0,Normal,neutral
user_002,2026-05-01,0.447,0.566,107.0,1852707,16.491915,14,30.88,-0.041,0.496,0.053,-3.77,0,worsening,0.1273,836,False,0,0,0,Normal,neutral
user_002,2026-05-02,0.343,0.424,110.64,1127909,12.324458,9,18.8,-0.104,0.426,0.075,-12.08,0,worsening,0.1623,629,True,1,1,1,Normal,neutral
user_002,2026-05-03,0.478,0.557,120.82,2978399,28.06372,16,49.64,0.135,0.423,0.071,30.84,0,improving,0.3068,121,False,0,0,0,Normal,neutral
user_003,2026-04-13,0.464,0.499,123.09,2741067,28.719055,15,45.68,0.0,0.464,0.0,0.0,0,stable,0.1314,815,False,0,0,0,Normal,neutral
user_003,2026-04-14,0.551,0.64,114.09,1269046,9.900643,11,21.15,0.087,0.507,0.062,-24.53,0,improving,0.1378,780,False,0,0,0,Normal,light positive
user_003,2026-04-15,0.435,0.632,135.93,1089027,9.34569,8,18.15,-0.116,0.483,0.06,-3.0,0,worsening,0.1693,592,False,0,0,0,Normal,neutral
user_003,2026-04-16,0.496,0.68,115.76,2545976,23.864727,18,42.43,0.061,0.494,0.058,24.28,0,improving,0.1861,517,False,0,0,0,Normal,neutral
user_003,2026-04-17,0.548,0.594,120.75,2022010,15.498821,12,33.7,0.052,0.493,0.057,-8.73,0,improving,0.1356,793,False,0,0,0,Normal,light positive
user_003,2026-04-18,0.568,0.574,113.8,2447136,18.303633,17,40.79,0.02,0.537,0.037,7.09,0,stable,0.1152,903,False,0,0,0,Normal,light positive
user_003,2026-04-19,0.399,0.602,123.98,2231226,22.473907,15,37.19,-0.169,0.505,0.092,-3.6,0,worsening,0.3167,100,True,1,1,1,Normal,neutral
user_003,2026-04-20,0.359,0.568,120.7,1898394,21.114414,16,31.64,-0.04,0.442,0.111,-5.55,0,worsening,0.1419,753,True,1,2,2,Normal,neutral
user_003,2026-04-21,0.428,0.607,125.58,2541911,23.488148,16,42.37,0.069,0.395,0.035,10.73,1,improving,0.2107,398,False,0,0,0,Normal,neutral
user_003,2026-04-22,0.424,0.59,102.0,1517654,15.789351,10,25.29,-0.004,0.404,0.039,-17.08,0,stable,0.0627,1144,False,0,0,0,Normal,neutral
user_003,2026-04-23,0.407,0.644,116.73,1493321,13.652212,12,24.89,-0.017,0.42,0.011,-0.4,0,stable,0.0786,1083,False,0,0,0,Normal,neutral
user_003,2026-04-24,0.42,0.615,105.21,1945113,18.577679,13,32.42,0.013,0.417,0.009,7.53,0,stable,0.1034,968,False,0,0,0,Normal,neutral
user_003,2026-04-25,0.355,0.521,118.36,2051659,21.063364,13,34.19,-0.065,0.394,0.034,1.77,1,worsening,0.1846,522,True,1,1,1,Normal,neutral
user_003,2026-04-26,0.384,0.684,117.91,972815,10.261145,8,16.21,0.029,0.386,0.033,-17.98,1,improving,0.0575,1161,True,1,2,2,Normal,neutral
user_003,2026-04-27,0.528,0.672,127.16,1664629,13.587419,14,27.74,0.144,0.422,0.093,11.53,0,improving,0.2308,319,False,0,0,0,Normal,light positive
user_003,2026-04-28,0.44,0.528,138.23,1604039,18.162807,9,26.73,-0.088,0.451,0.073,-1.01,0,worsening,0.169,594,False,0,0,0,Normal,neutral
user_003,2026-04-29,0.266,0.514,110.67,2544633,32.01284,16,42.41,-0.174,0.411,0.133,15.68,0,worsening,0.3745,42,True,1,1,1,Normal,reflective
user_003,2026-04-30,0.437,0.597,129.31,1981794,19.66977,15,33.03,0.171,0.381,0.1,-9.38,0,improving,0.2955,143,False,0,0,0,Normal,neutral
user_003,2026-05-01,0.387,0.558,116.56,2704306,27.843338,18,45.07,-0.05,0.363,0.088,12.04,1,worsening,0.2084,408,True,1,1,1,Normal,neutral
user_003,2026-05-02,0.38,0.667,131.74,2197134,23.505093,16,36.62,-0.007,0.401,0.031,-8.45,0,stable,0.1206,868,True,1,2,2,Normal,neutral
user_003,2026-05-03,0.493,0.73,128.74,1547993,13.10508,12,25.8,0.113,0.42,0.063,-10.82,0,improving,0.1902,495,False,0,0,0,Normal,neutral
user_004,2026-04-13,0.5,0.534,121.0,2333135,20.426706,18,38.89,0.0,0.5,0.0,0.0,0,stable,0.0985,991,False,0,0,0,Normal,light positive
user_004,2026-04-14,0.46,0.555,116.31,1383795,12.031042,12,23.06,-0.04,0.48,0.028,-15.83,0,worsening,0.0944,1007,False,0,0,0,Normal,neutral
user_004,2026-04-15,0.381,0.432,128.9,1145552,11.908952,11,19.09,-0.079,0.447,0.061,-3.97,0,worsening,0.1311,817,True,1,1,1,Normal,neutral
user_004,2026-04-16,0.349,0.514,122.01,2798653,30.575401,17,46.64,-0.032,0.397,0.057,27.55,1,worsening,0.2029,432,True,1,2,2,Normal,neutral
user_004,2026-04-17,0.464,0.392,114.29,1961654,15.060236,12,32.69,0.115,0.398,0.059,-13.95,1,improving,0.2219,357,False,0,0,0,Normal,neutral
user_004,2026-04-18,0.488,0.535,118.04,944771,7.7635355,8,15.75,0.024,0.434,0.074,-16.94,0,improving,0.046,1193,False,0,0,0,Normal,neutral
user_004,2026-04-19,0.309,0.68,142.64,1903438,21.12723,13,31.72,-0.179,0.42,0.097,15.97,0,worsening,0.3187,95,True,1,1,1,Normal,neutral
user_004,2026-04-20,0.296,0.449,107.83,1789841,21.291561,16,29.83,-0.013,0.364,0.107,-1.89,0,stable,0.1092,942,True,1,2,2,Normal,reflective
user_004,2026-04-21,0.531,0.651,128.79,1046574,8.212776,10,17.44,0.235,0.379,0.132,-12.39,0,improving,0.3069,120,False,0,0,0,Normal,light positive
user_004,2026-04-22,0.363,0.639,123.62,1598171,17.700567,13,26.64,-0.168,0.397,0.121,9.2,0,worsening,0.2745,185,True,1,1,1,Normal,neutral
user_004,2026-04-23,0.406,0.503,111.78,1235712,12.505933,9,20.6,0.043,0.433,0.087,-6.04,0,improving,0.0922,1019,False,0,0,0,Normal,neutral
user_004,2026-04-24,0.498,0.515,114.56,2201877,17.800192,15,36.7,0.092,0.422,0.069,16.1,0,improving,0.203,431,False,0,0,0,Normal,neutral
user_004,2026-04-25,0.499,0.582,118.38,1532474,13.371583,13,25.54,0.001,0.468,0.053,-11.16,0,stable,0.0524,1177,False,0,0,0,Normal,neutral
user_004,2026-04-26,0.392,0.568,123.71,1909383,21.440243,11,31.82,-0.107,0.463,0.061,6.28,0,worsening,0.2194,368,True,1,1,1,Normal,neutral
user_004,2026-04-27,0.583,0.595,112.96,1261396,8.740929,10,21.02,0.191,0.491,0.096,-10.8,0,improving,0.2616,212,False,0,0,0,Normal,light positive
user_004,2026-04-28,0.429,0.647,132.19,2165459,20.6681,14,36.09,-0.154,0.468,0.101,15.07,0,worsening,0.2884,153,False,0,0,0,Normal,neutral
user_004,2026-04-29,0.414,0.504,137.82,1990320,19.396854,15,33.17,-0.015,0.475,0.094,-2.92,0,stable,0.1099,937,False,0,0,0,Normal,neutral
user_004,2026-04-30,0.5,0.686,130.59,2575640,21.37106,18,42.93,0.086,0.448,0.046,9.76,0,improving,0.2174,374,False,0,0,0,Normal,light positive
user_004,2026-05-01,0.549,0.5,101.38,1433463,12.205356,12,23.89,0.049,0.488,0.068,-19.04,0,improving,0.1004,984,False,0,0,0,Normal,light positive
user_004,2026-05-02,0.438,0.762,127.41,1273203,13.117264,9,21.22,-0.111,0.496,0.056,-2.67,0,worsening,0.1753,568,False,0,0,0,Normal,neutral
user_004,2026-05-03,0.471,0.638,121.88,2939870,23.681252,17,49.0,0.033,0.486,0.057,27.78,0,improving,0.1822,535,False,0,0,0,Normal,neutral
user_005,2026-04-13,0.42,0.52,123.53,1689507,16.467968,14,28.16,0.0,0.42,0.0,0.0,0,stable,0.0701,1117,False,0,0,0,Normal,neutral
user_005,2026-04-14,0.506,0.587,117.12,2128720,17.549763,15,35.48,0.086,0.463,0.061,7.32,0,improving,0.1899,497,False,0,0,0,Normal,light positive
user_005,2026-04-15,0.609,0.689,104.71,1479583,10.190191,9,24.66,0.103,0.512,0.095,-10.82,0,improving,0.1628,626,False,0,0,0,Normal,light positive
user_005,2026-04-16,0.341,0.546,123.54,1282305,14.758616,11,21.37,-0.268,0.485,0.135,-3.29,0,worsening,0.3739,44,True,1,1,1,Normal,neutral
user_005,2026-04-17,0.45,0.738,131.37,2243922,21.508684,16,37.4,0.109,0.467,0.135,16.03,0,improving,0.2351,300,False,0,0,0,Normal,neutral
user_005,2026-04-18,0.384,0.523,124.41,2502347,27.38638,17,41.71,-0.066,0.392,0.055,4.31,1,worsening,0.2139,385,True,1,1,1,Normal,neutral
user_005,2026-04-19,0.401,0.586,118.32,1580551,17.015436,12,26.34,0.017,0.412,0.034,-15.37,0,stable,0.0853,1053,False,0,0,0,Normal,neutral
user_005,2026-04-20,0.408,0.58,116.63,2713976,28.395212,16,45.23,0.007,0.398,0.012,18.89,1,stable,0.1517,690,False,0,0,0,Normal,neutral
user_005,2026-04-21,0.503,0.521,120.85,2055649,14.661331,17,34.26,0.095,0.437,0.057,-10.97,0,improving,0.1971,459,False,0,0,0,Normal,light positive
user_005,2026-04-22,0.426,0.753,117.5,1572152,16.166752,12,26.2,-0.077,0.446,0.05,-8.06,0,worsening,0.155,673,False,0,0,0,Normal,neutral
user_005,2026-04-23,0.425,0.481,105.79,2965802,31.610159,17,49.43,-0.001,0.451,0.045,23.23,0,stable,0.1574,656,False,0,0,0,Normal,neutral
user_005,2026-04-24,0.51,0.583,121.1,1491576,11.53214,11,24.86,0.085,0.454,0.049,-24.57,0,improving,0.1511,692,False,0,0,0,Normal,light positive
user_005,2026-04-25,0.548,0.597,130.3,1266992,8.685336,10,21.12,0.038,0.494,0.063,-3.74,0,improving,0.0783,1084,False,0,0,0,Normal,light positive
user_005,2026-04-26,0.507,0.51,111.13,2171838,19.77657,15,36.2,-0.041,0.522,0.023,15.08,0,worsening,0.1375,781,False,0,0,0,Normal,light positive
user_005,2026-04-27,0.418,0.457,123.62,2063623,21.019543,15,34.39,-0.089,0.491,0.066,-1.81,0,worsening,0.2043,425,False,0,0,0,Normal,neutral
user_005,2026-04-28,0.379,0.534,126.19,1246847,14.710461,9,20.78,-0.039,0.435,0.066,-13.61,0,worsening,0.09,1030,True,1,1,1,Normal,neutral
user_005,2026-04-29,0.389,0.593,123.23,2407682,26.638975,17,40.13,0.01,0.395,0.02,19.35,1,stable,0.1378,780,True,1,2,2,Normal,neutral
user_005,2026-04-30,0.468,0.489,101.83,1368645,14.180038,10,22.81,0.079,0.412,0.049,-17.32,0,improving,0.1402,765,False,0,0,0,Normal,neutral
user_005,2026-05-01,0.447,0.571,112.29,2284424,18.958294,16,38.07,-0.021,0.435,0.041,15.26,0,worsening,0.1312,816,False,0,0,0,Normal,neutral
user_005,2026-05-02,0.512,0.577,120.77,1214292,10.121123,8,20.24,0.065,0.476,0.033,-17.83,0,improving,0.1106,932,False,0,0,0,Normal,light positive
user_005,2026-05-03,0.418,0.476,108.92,2503385,28.051592,16,41.72,-0.094,0.459,0.048,21.48,0,worsening,0.2406,283,False,0,0,0,Normal,neutral
user_006,2026-04-13,0.496,0.514,113.47,2208672,20.972439,16,36.81,0.0,0.496,0.0,0.0,0,stable,0.0918,1022,False,0,0,0,Normal,neutral
user_006,2026-04-14,0.428,0.561,108.18,2348531,25.68783,16,39.14,-0.068,0.462,0.048,2.33,0,worsening,0.1964,463,False,0,0,0,Normal,neutral
user_006,2026-04-15,0.493,0.66,133.54,1988865,19.233671,15,33.15,0.065,0.472,0.038,-5.99,0,improving,0.1583,650,False,0,0,0,Normal,neutral
user_006,2026-04-16,0.492,0.633,118.81,1659721,15.107161,13,27.66,-0.001,0.471,0.037,-5.49,0,stable,0.0608,1149,False,0,0,0,Normal,neutral
user_006,2026-04-17,0.526,0.583,114.62,2012794,17.603296,15,33.55,0.034,0.504,0.019,5.89,0,improving,0.1167,897,False,0,0,0,Normal,light positive
user_006,2026-04-18,0.353,0.606,123.51,1344446,15.570647,11,22.41,-0.173,0.457,0.092,-11.14,0,worsening,0.2622,210,True,1,1,1,Normal,neutral
user_006,2026-04-19,0.371,0.567,122.11,2357714,27.221903,16,39.3,0.018,0.417,0.095,16.89,0,stable,0.1476,712,True,1,2,2,Normal,neutral
user_006,2026-04-20,0.487,0.588,124.73,1961847,16.867735,14,32.7,0.116,0.404,0.073,-6.6,0,improving,0.2196,367,False,0,0,0,Normal,neutral
user_006,2026-04-21,0.404,0.604,116.06,1830792,19.163858,13,30.51,-0.083,0.421,0.06,-2.19,0,worsening,0.1829,532,False,0,0,0,Normal,neutral
user_006,2026-04-22,0.431,0.575,118.56,1903354,17.429243,13,31.72,0.027,0.441,0.042,1.21,0,improving,0.1159,899,False,0,0,0,Normal,neutral
user_006,2026-04-23,0.362,0.505,109.09,2149794,22.719616,14,35.83,-0.069,0.399,0.035,4.11,1,worsening,0.1957,468,True,1,1,1,Normal,neutral
user_006,2026-04-24,0.212,0.546,138.41,763201,9.924785,8,12.72,-0.15,0.335,0.112,-23.11,0,worsening,0.1914,488,True,1,2,2,Normal,reflective
user_006,2026-04-25,0.489,0.601,117.41,1368022,12.096674,9,22.8,0.277,0.354,0.139,10.08,0,improving,0.3793,37,False,0,0,0,Normal,neutral
user_006,2026-04-26,0.529,0.516,128.11,1284622,10.648182,10,21.41,0.04,0.41,0.173,-1.39,0,improving,0.083,1064,False,0,0,0,Normal,light positive
user_006,2026-04-27,0.569,0.789,118.47,1597100,11.879632,9,26.62,0.04,0.529,0.04,5.21,0,improving,0.096,999,False,0,0,0,Normal,light positive
user_006,2026-04-28,0.399,0.551,122.54,1610142,16.41608,12,26.84,-0.17,0.499,0.089,0.22,0,worsening,0.2738,186,True,1,1,1,Normal,neutral
user_006,2026-04-29,0.536,0.628,114.36,1830844,14.313164,15,30.51,0.137,0.501,0.09,3.67,0,improving,0.2305,321,False,0,0,0,Normal,light positive
user_006,2026-04-30,0.459,0.6,111.54,1666664,14.807847,15,27.78,-0.077,0.465,0.069,-2.73,0,worsening,0.1576,654,False,0,0,0,Normal,neutral
user_006,2026-05-01,0.426,0.635,119.8,1803943,16.629786,13,30.07,-0.033,0.474,0.056,2.29,0,worsening,0.1173,891,False,0,0,0,Normal,neutral
user_006,2026-05-02,0.457,0.627,129.78,2298375,22.668833,17,38.31,0.031,0.447,0.019,8.24,0,improving,0.1424,748,False,0,0,0,Normal,neutral
user_006,2026-05-03,0.451,0.457,91.31,1942504,18.552916,14,32.38,-0.006,0.445,0.016,-5.93,0,stable,0.0901,1029,False,0,0,0,Normal,neutral
user_007,2026-04-13,0.578,0.656,107.78,1195839,8.200021,8,19.93,0.0,0.578,0.0,0.0,0,stable,0.0263,1222,False,0,0,0,Normal,light positive
user_007,2026-04-14,0.451,0.519,135.92,1726401,15.976339,16,28.77,-0.127,0.515,0.09,8.84,0,worsening,0.2232,353,False,0,0,0,Normal,neutral
user_007,2026-04-15,0.383,0.4,113.69,2012316,20.755527,14,33.54,-0.068,0.471,0.099,4.77,0,worsening,0.1808,543,True,1,1,1,Normal,neutral
user_007,2026-04-16,0.457,0.603,124.05,2226442,21.246073,14,37.11,0.074,0.43,0.041,3.57,0,improving,0.1901,496,False,0,0,0,Normal,neutral
user_007,2026-04-17,0.437,0.598,106.21,1631727,15.474117,14,27.2,-0.02,0.426,0.038,-9.91,0,stable,0.0885,1036,False,0,0,0,Normal,neutral
user_007,2026-04-18,0.32,0.629,117.27,1936667,22.823448,14,32.28,-0.117,0.405,0.074,5.08,0,worsening,0.2444,270,True,1,1,1,Normal,neutral
user_007,2026-04-19,0.39,0.744,114.23,1457708,15.503201,8,24.3,0.07,0.382,0.059,-7.98,1,improving,0.1421,751,True,1,2,2,Normal,neutral
user_007,2026-04-20,0.393,0.565,126.38,1882318,19.790165,14,31.37,0.003,0.368,0.041,7.07,1,stable,0.0908,1026,True,1,3,3,Prolonged Low Mood,neutral
user_007,2026-04-21,0.422,0.554,124.55,2501022,25.350515,16,41.68,0.029,0.402,0.018,10.31,0,improving,0.1605,639,False,0,0,0,Normal,neutral
user_007,2026-04-22,0.462,0.525,123.04,1476175,13.752338,11,24.6,0.04,0.426,0.035,-17.08,0,improving,0.1001,985,False,0,0,0,Normal,neutral
user_007,2026-04-23,0.448,0.609,113.97,2088035,21.265034,14,34.8,-0.014,0.444,0.02,10.2,0,stable,0.1097,938,False,0,0,0,Normal,neutral
user_007,2026-04-24,0.411,0.466,110.17,1431549,15.458448,8,23.86,-0.037,0.44,0.026,-10.94,0,worsening,0.0982,993,False,0,0,0,Normal,neutral
user_007,2026-04-25,0.453,0.665,119.9,1503949,14.1709585,11,25.07,0.042,0.437,0.023,1.21,0,improving,0.1052,961,False,0,0,0,Normal,neutral
user_007,2026-04-26,0.57,0.584,106.96,1569361,10.730468,12,26.16,0.117,0.478,0.082,1.09,0,improving,0.1882,510,False,0,0,0,Normal,light positive
user_007,2026-04-27,0.478,0.657,124.87,2791712,23.398142,18,46.53,-0.092,0.5,0.062,20.37,0,worsening,0.243,276,False,0,0,0,Normal,neutral
user_007,2026-04-28,0.38,0.575,129.1,1368596,14.6386595,10,22.81,-0.098,0.476,0.095,-23.72,0,worsening,0.1706,585,True,1,1,1,Normal,neutral
user_007,2026-04-29,0.51,0.608,122.67,1451603,12.076159,11,24.19,0.13,0.456,0.068,1.38,0,improving,0.2035,427,False,0,0,0,Normal,light positive
user_007,2026-04-30,0.467,0.556,121.4,1693513,16.807966,12,28.23,-0.043,0.452,0.066,4.04,0,worsening,0.117,894,False,0,0,0,Normal,neutral
user_007,2026-05-01,0.452,0.533,126.62,2155259,21.71323,18,35.92,-0.015,0.476,0.03,7.69,0,stable,0.1146,908,False,0,0,0,Normal,neutral
user_007,2026-05-02,0.475,0.591,120.97,2243386,19.836369,17,37.39,0.023,0.465,0.012,1.47,0,improving,0.1258,842,False,0,0,0,Normal,neutral
user_007,2026-05-03,0.399,0.471,107.54,1288473,13.485561,8,21.47,-0.076,0.442,0.039,-15.92,0,worsening,0.1365,787,True,1,1,1,Normal,neutral
user_008,2026-04-13,0.528,0.553,129.27,1096440,9.133122,10,18.27,0.0,0.528,0.0,0.0,0,stable,0.0239,1225,False,0,0,0,Normal,light positive
user_008,2026-04-14,0.369,0.585,125.86,2245072,24.416046,17,37.42,-0.159,0.448,0.112,19.15,0,worsening,0.3111,115,True,1,1,1,Normal,neutral
user_008,2026-04-15,0.575,0.627,127.88,1340831,10.334069,8,22.35,0.206,0.491,0.108,-15.07,0,improving,0.2844,163,False,0,0,0,Normal,light positive
user_008,2026-04-16,0.23,0.495,105.51,2795008,34.875504,17,46.58,-0.345,0.391,0.174,24.23,0,worsening,0.6133,1,True,1,1,1,Normal,reflective
user_008,2026-04-17,0.461,0.696,131.33,1190433,10.825022,11,19.84,0.231,0.422,0.176,-26.74,0,improving,0.3143,108,False,0,0,0,Normal,neutral
user_008,2026-04-18,0.424,0.557,131.57,2720596,26.048985,18,45.34,-0.037,0.372,0.124,25.5,0,worsening,0.1848,521,False,0,0,0,Normal,neutral
user_008,2026-04-19,0.567,0.54,110.45,1206853,7.551935,11,20.11,0.143,0.484,0.074,-25.23,0,improving,0.2015,439,False,0,0,0,Normal,light positive
user_008,2026-04-20,0.504,0.657,117.11,1802938,14.662464,12,30.05,-0.063,0.498,0.072,9.94,0,worsening,0.1432,742,False,0,0,0,Normal,light positive
user_008,2026-04-21,0.409,0.514,125.17,2354775,23.223969,15,39.25,-0.095,0.493,0.08,9.2,0,worsening,0.2335,308,False,0,0,0,Normal,neutral
user_008,2026-04-22,0.418,0.515,133.59,1300069,12.361777,9,21.67,0.009,0.444,0.052,-17.58,0,stable,0.0545,1169,False,0,0,0,Normal,neutral
user_008,2026-04-23,0.429,0.584,125.92,1643193,14.973643,14,27.39,0.011,0.419,0.01,5.72,0,stable,0.0792,1081,False,0,0,0,Normal,neutral
user_008,2026-04-24,0.484,0.643,119.85,1544501,13.000653,13,25.74,0.055,0.444,0.035,-1.65,0,improving,0.1204,869,False,0,0,0,Normal,neutral
user_008,2026-04-25,0.531,0.668,133.31,2154611,15.600691,16,35.91,0.047,0.481,0.051,10.17,0,improving,0.1396,770,False,0,0,0,Normal,light positive
user_008,2026-04-26,0.415,0.66,121.21,2618799,25.546566,18,43.65,-0.116,0.477,0.058,7.74,0,worsening,0.2761,180,False,0,0,0,Normal,neutral
user_008,2026-04-27,0.458,0.64,116.7,1782974,16.053844,15,29.72,0.043,0.468,0.059,-13.93,0,improving,0.1238,853,False,0,0,0,Normal,neutral
user_008,2026-04-28,0.345,0.587,125.76,1628565,18.347126,12,27.14,-0.113,0.406,0.057,-2.58,0,worsening,0.2119,393,True,1,1,1,Normal,neutral
user_008,2026-04-29,0.538,0.638,124.91,1810927,15.028725,12,30.18,0.193,0.447,0.097,3.04,0,improving,0.2972,138,False,0,0,0,Normal,light positive
user_008,2026-04-30,0.474,0.57,128.34,1683237,15.26861,12,28.05,-0.064,0.452,0.098,-2.13,0,worsening,0.141,760,False,0,0,0,Normal,neutral
user_008,2026-05-01,0.468,0.598,119.24,2321308,20.013016,16,38.69,-0.006,0.493,0.039,10.64,0,stable,0.1113,928,False,0,0,0,Normal,neutral
user_008,2026-05-02,0.677,0.634,132.39,1656010,10.082846,11,27.6,0.209,0.54,0.119,-11.09,0,improving,0.292,149,False,0,0,0,Normal,light positive
user_008,2026-05-03,0.302,0.481,115.74,854388,9.957277,9,14.24,-0.375,0.482,0.188,-13.36,0,worsening,0.4716,13,True,1,1,1,Normal,neutral
user_009,2026-04-13,0.471,0.59,105.32,1468306,13.714805,11,24.47,0.0,0.471,0.0,0.0,0,stable,0.0501,1182,False,0,0,0,Normal,neutral
user_009,2026-04-14,0.403,0.724,122.74,922890,8.719949,8,15.38,-0.068,0.437,0.048,-9.09,0,worsening,0.1007,981,False,0,0,0,Normal,neutral
user_009,2026-04-15,0.411,0.474,121.41,1336202,15.140157,9,22.27,0.008,0.428,0.037,6.89,0,stable,0.0563,1167,False,0,0,0,Normal,neutral
user_009,2026-04-16,0.329,0.489,106.63,1230691,13.275213,8,20.51,-0.082,0.381,0.045,-1.76,1,worsening,0.1444,734,True,1,1,1,Normal,neutral
user_009,2026-04-17,0.369,0.424,116.32,2661097,31.311687,16,44.35,0.04,0.37,0.041,23.84,1,improving,0.1973,457,True,1,2,2,Normal,neutral
user_009,2026-04-18,0.412,0.62,110.16,2032866,20.162884,15,33.88,0.043,0.37,0.042,-10.47,1,improving,0.1472,715,False,0,0,0,Normal,neutral
user_009,2026-04-19,0.499,0.719,107.14,2069478,16.973309,15,34.49,0.087,0.427,0.066,0.61,0,improving,0.1889,505,False,0,0,0,Normal,neutral
user_009,2026-04-20,0.423,0.478,113.2,1974836,19.834099,13,32.91,-0.076,0.445,0.047,-1.58,0,worsening,0.1816,538,False,0,0,0,Normal,neutral
user_009,2026-04-21,0.393,0.623,122.36,2067159,20.791723,15,34.45,-0.03,0.438,0.055,1.54,0,worsening,0.1369,785,True,1,1,1,Normal,neutral
user_009,2026-04-22,0.42,0.453,136.15,1118952,9.961919,9,18.65,0.027,0.412,0.017,-15.8,0,improving,0.0638,1139,False,0,0,0,Normal,neutral
user_009,2026-04-23,0.398,0.692,116.88,2476115,25.905258,17,41.27,-0.022,0.404,0.014,22.62,0,worsening,0.1555,669,True,1,1,1,Normal,neutral
user_009,2026-04-24,0.556,0.688,117.93,1752981,12.830126,13,29.22,0.158,0.458,0.086,-12.05,0,improving,0.2492,251,False,0,0,0,Normal,light positive
user_009,2026-04-25,0.438,0.523,120.88,1968084,18.393248,18,32.8,-0.118,0.464,0.082,3.58,0,worsening,0.2299,323,False,0,0,0,Normal,neutral
user_009,2026-04-26,0.507,0.61,127.39,1240303,8.980822,9,20.67,0.069,0.5,0.059,-12.13,0,improving,0.1173,891,False,0,0,0,Normal,light positive
user_009,2026-04-27,0.481,0.535,123.76,1699963,13.739597,13,28.33,-0.026,0.475,0.035,7.66,0,worsening,0.0949,1003,False,0,0,0,Normal,neutral
user_009,2026-04-28,0.494,0.63,113.82,1895549,15.038818,15,31.59,0.013,0.494,0.013,3.26,0,stable,0.0892,1033,False,0,0,0,Normal,neutral
user_009,2026-04-29,0.479,0.649,126.4,1439641,12.156257,13,23.99,-0.015,0.485,0.008,-7.6,0,stable,0.0658,1134,False,0,0,0,Normal,neutral
user_009,2026-04-30,0.364,0.631,131.03,1344678,14.135201,12,22.41,-0.115,0.446,0.071,-1.58,0,worsening,0.1908,492,True,1,1,1,Normal,neutral
user_009,2026-05-01,0.389,0.466,124.75,1234443,13.407231,9,20.57,0.025,0.411,0.06,-1.84,0,improving,0.0713,1112,True,1,2,2,Normal,neutral
user_009,2026-05-02,0.421,0.487,125.27,1772880,19.688759,12,29.55,0.032,0.391,0.029,8.98,1,improving,0.1146,908,False,0,0,0,Normal,neutral
user_009,2026-05-03,0.259,0.467,118.81,1376026,17.059101,10,22.93,-0.162,0.356,0.086,-6.62,1,worsening,0.2591,221,True,1,1,1,Normal,reflective
user_010,2026-04-13,0.364,0.463,106.91,1694084,18.37363,11,28.23,0.0,0.364,0.0,0.0,1,stable,0.0771,1092,True,1,1,1,Normal,neutral
user_010,2026-04-14,0.337,0.506,133.63,1960949,21.640114,15,32.68,-0.027,0.351,0.019,4.45,1,worsening,0.1342,801,True,1,2,2,Normal,neutral
user_010,2026-04-15,0.381,0.529,114.24,2175564,22.177362,14,36.26,0.044,0.361,0.022,3.58,1,improving,0.1639,621,True,1,3,3,Prolonged Low Mood,neutral
user_010,2026-04-16,0.47,0.616,111.11,2503826,24.53794,14,41.73,0.089,0.396,0.068,5.47,1,improving,0.2233,352,False,0,0,0,Normal,neutral
user_010,2026-04-17,0.537,0.564,128.26,1281930,8.798543,11,21.37,0.067,0.463,0.078,-20.36,0,improving,0.1151,904,False,0,0,0,Normal,light positive
user_010,2026-04-18,0.456,0.623,119.78,2976552,26.374182,18,49.61,-0.081,0.488,0.043,28.24,0,worsening,0.247,260,False,0,0,0,Normal,neutral
user_010,2026-04-19,0.33,0.608,132.22,1307813,15.272934,8,21.8,-0.126,0.441,0.104,-27.81,0,worsening,0.204,426,True,1,1,1,Normal,neutral
user_010,2026-04-20,0.42,0.494,124.65,1149473,10.836576,11,19.16,0.09,0.402,0.065,-2.64,0,improving,0.1425,747,False,0,0,0,Normal,neutral
user_010,2026-04-21,0.381,0.393,116.56,1114693,10.3596735,9,18.58,-0.039,0.377,0.045,-0.58,1,worsening,0.0802,1075,True,1,1,1,Normal,neutral
user_010,2026-04-22,0.583,0.64,119.0,1715174,12.530479,11,28.59,0.202,0.461,0.107,10.01,0,improving,0.2974,136,False,0,0,0,Normal,light positive
user_010,2026-04-23,0.416,0.581,120.16,2711994,27.791666,18,45.2,-0.167,0.46,0.108,16.61,0,worsening,0.3443,66,False,0,0,0,Normal,neutral
user_010,2026-04-24,0.396,0.621,117.56,1611824,17.055843,12,26.86,-0.02,0.465,0.103,-18.34,0,stable,0.0917,1023,True,1,1,1,Normal,neutral
user_010,2026-04-25,0.365,0.591,125.07,2703165,29.468952,17,45.05,-0.031,0.392,0.026,18.19,1,worsening,0.1905,493,True,1,2,2,Normal,neutral
user_010,2026-04-26,0.402,0.67,112.34,1657291,17.184052,13,27.62,0.037,0.388,0.02,-17.43,1,improving,0.115,905,False,0,0,0,Normal,neutral
user_010,2026-04-27,0.526,0.559,131.87,1595229,12.786901,15,26.59,0.124,0.431,0.084,-1.03,0,improving,0.2028,433,False,0,0,0,Normal,light positive
user_010,2026-04-28,0.381,0.379,107.02,1520567,15.524368,13,25.34,-0.145,0.436,0.078,-1.25,0,worsening,0.2388,288,True,1,1,1,Normal,neutral
user_010,2026-04-29,0.348,0.647,125.22,1264327,14.533547,10,21.07,-0.033,0.418,0.095,-4.27,0,worsening,0.0861,1049,True,1,2,2,Normal,neutral
user_010,2026-04-30,0.375,0.548,111.8,2392454,26.021275,16,39.87,0.027,0.368,0.018,18.8,1,improving,0.1603,640,True,1,3,3,Prolonged Low Mood,neutral
user_010,2026-05-01,0.452,0.558,121.87,3285055,35.47554,18,54.75,0.077,0.392,0.054,14.88,1,improving,0.2632,207,False,0,0,0,Normal,neutral
user_010,2026-05-02,0.455,0.558,123.83,1480030,15.452041,10,24.67,0.003,0.427,0.045,-30.08,0,stable,0.056,1168,False,0,0,0,Normal,neutral
user_010,2026-05-03,0.458,0.548,114.27,2351604,25.42047,16,39.19,0.003,0.455,0.003,14.52,0,stable,0.1115,926,False,0,0,0,Normal,neutral
user_011,2026-04-13,0.516,0.525,112.05,1280736,10.744162,10,21.35,0.0,0.516,0.0,0.0,0,stable,0.0351,1213,False,0,0,0,Normal,light positive
user_011,2026-04-14,0.458,0.476,105.74,2142110,18.555191,15,35.7,-0.058,0.487,0.041,14.35,0,worsening,0.165,615,False,0,0,0,Normal,neutral
user_011,2026-04-15,0.453,0.549,127.6,2263671,23.311987,16,37.73,-0.005,0.476,0.035,2.03,0,stable,0.1093,941,False,0,0,0,Normal,neutral
user_011,2026-04-16,0.359,0.543,108.64,1691325,17.247173,12,28.19,-0.094,0.423,0.056,-9.54,0,worsening,0.1919,487,True,1,1,1,Normal,neutral
user_011,2026-04-17,0.545,0.575,121.62,2098467,15.610006,16,34.97,0.186,0.452,0.093,6.78,0,improving,0.3032,127,False,0,0,0,Normal,light positive
user_011,2026-04-18,0.435,0.644,144.16,1832823,19.086967,10,30.55,-0.11,0.446,0.094,-4.42,0,worsening,0.2116,395,False,0,0,0,Normal,neutral
user_011,2026-04-19,0.31,0.59,106.68,1539768,17.791594,8,25.66,-0.125,0.43,0.118,-4.89,0,worsening,0.2232,353,True,1,1,1,Normal,neutral
user_011,2026-04-20,0.314,0.648,127.57,1331385,15.151666,9,22.19,0.004,0.353,0.071,-3.47,1,stable,0.0587,1156,True,1,2,2,Normal,neutral
user_011,2026-04-21,0.344,0.512,120.22,1505047,16.427034,12,25.08,0.03,0.323,0.019,2.89,1,improving,0.1014,974,True,1,3,3,Prolonged Low Mood,neutral
user_011,2026-04-22,0.437,0.617,128.66,2727699,26.184967,17,45.46,0.093,0.365,0.064,20.38,1,improving,0.2502,248,False,0,0,0,Normal,neutral
user_011,2026-04-23,0.558,0.551,125.56,1044802,7.910105,9,17.41,0.121,0.446,0.107,-28.05,0,improving,0.1669,605,False,0,0,0,Normal,light positive
user_011,2026-04-24,0.439,0.605,111.26,2404332,23.16409,13,40.07,-0.119,0.478,0.069,22.66,0,worsening,0.2599,217,False,0,0,0,Normal,neutral
user_011,2026-04-25,0.384,0.562,114.88,2167378,22.860506,15,36.12,-0.055,0.46,0.089,-3.95,0,worsening,0.1761,563,True,1,1,1,Normal,neutral
user_011,2026-04-26,0.503,0.605,107.86,3959550,19.057209,10,65.99,0.119,0.442,0.06,29.87,0,improving,0.3382,77,False,0,0,0,Normal,light positive
user_011,2026-04-27,0.451,0.555,120.32,2705866,27.36562,15,45.1,-0.052,0.446,0.06,-20.89,0,worsening,0.1955,469,False,0,0,0,Normal,neutral
user_011,2026-04-28,0.301,0.468,127.37,1819353,20.346125,11,30.32,-0.15,0.418,0.105,-14.78,0,worsening,0.2776,175,True,1,1,1,Normal,neutral
user_011,2026-04-29,0.501,0.564,122.43,1999633,19.425825,16,33.33,0.2,0.418,0.104,3.01,0,improving,0.3219,91,False,0,0,0,Normal,light positive
user_011,2026-04-30,0.451,0.612,112.66,2039759,17.647808,14,34.0,-0.05,0.418,0.104,0.67,0,worsening,0.1499,701,False,0,0,0,Normal,neutral
user_011,2026-05-01,0.486,0.561,112.95,1797960,16.653883,14,29.97,0.035,0.479,0.026,-4.03,0,improving,0.1113,928,False,0,0,0,Normal,neutral
user_011,2026-05-02,0.407,0.517,120.98,1528243,15.390587,9,25.47,-0.079,0.448,0.04,-4.5,0,worsening,0.1564,662,False,0,0,0,Normal,neutral
user_011,2026-05-03,0.414,0.631,103.35,2167681,21.522112,13,36.13,0.007,0.436,0.044,10.66,0,stable,0.1124,921,False,0,0,0,Normal,neutral
user_012,2026-04-13,0.397,0.516,115.54,1718978,18.160528,17,28.65,0.0,0.397,0.0,0.0,1,stable,0.0749,1101,True,1,1,1,Normal,neutral
user_012,2026-04-14,0.429,0.609,143.65,1585681,15.114416,8,26.43,0.032,0.413,0.023,-2.22,0,improving,0.1009,979,False,0,0,0,Normal,neutral
user_012,2026-04-15,0.436,0.55,121.13,1839556,18.76891,16,30.66,0.007,0.421,0.021,4.23,0,stable,0.0866,1046,False,0,0,0,Normal,neutral
user_012,2026-04-16,0.452,0.707,116.92,2140573,19.978918,13,35.68,0.016,0.439,0.012,5.02,0,stable,0.1149,906,False,0,0,0,Normal,neutral
user_012,2026-04-17,0.326,0.425,117.12,2392605,26.770996,15,39.88,-0.126,0.405,0.069,4.2,0,worsening,0.2907,152,True,1,1,1,Normal,neutral
user_012,2026-04-18,0.424,0.61,122.86,2523859,26.455189,15,42.06,0.098,0.401,0.066,2.18,0,improving,0.2456,266,False,0,0,0,Normal,neutral
user_012,2026-04-19,0.397,0.48,109.75,1639111,17.230318,12,27.32,-0.027,0.382,0.051,-14.74,1,worsening,0.1021,972,True,1,1,1,Normal,neutral
user_012,2026-04-20,0.342,0.577,121.75,1789752,19.630331,11,29.83,-0.055,0.388,0.042,2.51,1,worsening,0.1542,676,True,1,2,2,Normal,neutral
user_012,2026-04-21,0.453,0.613,121.09,2551076,23.67898,14,42.52,0.111,0.397,0.056,12.69,1,improving,0.2568,229,False,0,0,0,Normal,neutral
user_012,2026-04-22,0.449,0.659,121.01,1329024,13.630369,9,22.15,-0.004,0.415,0.063,-20.37,0,stable,0.0479,1190,False,0,0,0,Normal,neutral
user_012,2026-04-23,0.391,0.582,116.18,2183544,22.253006,14,36.39,-0.058,0.431,0.035,14.24,0,worsening,0.1797,547,True,1,1,1,Normal,neutral
user_012,2026-04-24,0.507,0.526,116.8,1685474,16.019648,9,28.09,0.116,0.449,0.058,-8.3,0,improving,0.2004,443,False,0,0,0,Normal,light positive
user_012,2026-04-25,0.443,0.515,121.31,3395562,36.36422,15,56.59,-0.064,0.447,0.058,28.5,0,worsening,0.2575,227,False,0,0,0,Normal,neutral
user_012,2026-04-26,0.378,0.466,109.11,2169100,22.685131,14,36.15,-0.065,0.443,0.065,-20.44,0,worsening,0.1895,500,True,1,1,1,Normal,neutral
user_012,2026-04-27,0.456,0.387,115.46,1021002,9.209324,8,17.02,0.078,0.426,0.042,-19.13,0,improving,0.1176,888,False,0,0,0,Normal,neutral
user_012,2026-04-28,0.339,0.498,121.71,2050293,23.06364,16,34.17,-0.117,0.391,0.06,17.15,1,worsening,0.2504,247,True,1,1,1,Normal,neutral
user_012,2026-04-29,0.382,0.6,110.09,2613468,32.78232,12,43.56,0.043,0.392,0.059,9.39,1,improving,0.1945,473,True,1,2,2,Normal,neutral
user_012,2026-04-30,0.39,0.53,106.03,2295288,23.73983,16,38.25,0.008,0.37,0.027,-5.31,1,stable,0.1271,837,True,1,3,3,Prolonged Low Mood,neutral
user_012,2026-05-01,0.529,0.574,139.0,1280509,9.754141,8,21.34,0.139,0.434,0.083,-16.91,0,improving,0.2032,429,False,0,0,0,Normal,light positive
user_012,2026-05-02,0.456,0.54,123.34,1078071,9.772939,9,17.97,-0.073,0.458,0.07,-3.37,0,worsening,0.1152,903,False,0,0,0,Normal,neutral
user_012,2026-05-03,0.544,0.622,128.07,1827777,14.721882,13,30.46,0.088,0.51,0.047,12.49,0,improving,0.1696,589,False,0,0,0,Normal,light positive
user_013,2026-04-13,0.421,0.451,107.64,1391787,14.381649,10,23.2,0.0,0.421,0.0,0.0,0,stable,0.0496,1184,False,0,0,0,Normal,neutral
user_013,2026-04-14,0.445,0.661,129.82,1188161,11.761832,11,19.8,0.024,0.433,0.017,-3.4,0,improving,0.0633,1142,False,0,0,0,Normal,neutral
user_013,2026-04-15,0.46,0.6,121.76,2261606,22.930515,15,37.69,0.015,0.442,0.02,17.89,0,stable,0.12,872,False,0,0,0,Normal,neutral
user_013,2026-04-16,0.415,0.582,125.0,1250114,13.649854,9,20.84,-0.045,0.44,0.023,-16.85,0,worsening,0.095,1002,False,0,0,0,Normal,neutral
user_013,2026-04-17,0.42,0.613,130.86,2238731,21.835752,15,37.31,0.005,0.432,0.025,16.47,0,stable,0.1138,913,False,0,0,0,Normal,neutral
user_013,2026-04-18,0.438,0.499,111.05,1002665,9.777788,9,16.71,0.018,0.424,0.012,-20.6,0,stable,0.0441,1200,False,0,0,0,Normal,neutral
user_013,2026-04-19,0.45,0.495,101.82,888693,7.717293,9,14.81,0.012,0.436,0.015,-1.9,0,stable,0.029,1219,False,0,0,0,Normal,neutral
user_013,2026-04-20,0.517,0.569,135.0,1710646,13.796761,14,28.51,0.067,0.468,0.043,13.7,0,improving,0.1411,759,False,0,0,0,Normal,light positive
user_013,2026-04-21,0.423,0.589,112.2,2029816,19.48429,16,33.83,-0.094,0.463,0.048,5.32,0,worsening,0.2073,417,False,0,0,0,Normal,neutral
user_013,2026-04-22,0.439,0.496,139.86,1169339,13.171051,9,19.49,0.016,0.46,0.05,-14.34,0,stable,0.0527,1176,False,0,0,0,Normal,neutral
user_013,2026-04-23,0.266,0.498,111.98,2191396,26.23993,11,36.52,-0.173,0.376,0.096,17.03,1,worsening,0.3427,68,True,1,1,1,Normal,reflective
user_013,2026-04-24,0.568,0.54,124.2,2422331,18.916437,18,40.37,0.302,0.424,0.152,3.85,0,improving,0.457,15,False,0,0,0,Normal,light positive
user_013,2026-04-25,0.576,0.62,118.83,2396760,16.94976,18,39.95,0.008,0.47,0.177,-0.42,0,stable,0.0964,997,False,0,0,0,Normal,light positive
user_013,2026-04-26,0.513,0.641,117.23,2243564,19.781776,14,37.39,-0.063,0.552,0.034,-2.56,0,worsening,0.1674,602,False,0,0,0,Normal,light positive
user_013,2026-04-27,0.497,0.518,101.64,1716722,14.361952,12,28.61,-0.016,0.529,0.042,-8.78,0,stable,0.0818,1071,False,0,0,0,Normal,neutral
user_013,2026-04-28,0.403,0.466,117.12,1746728,18.021576,11,29.11,-0.094,0.471,0.059,0.5,0,worsening,0.1905,493,False,0,0,0,Normal,neutral
user_013,2026-04-29,0.413,0.712,121.72,1920717,18.167313,14,32.01,0.01,0.438,0.052,2.9,0,stable,0.0991,989,False,0,0,0,Normal,neutral
user_013,2026-04-30,0.569,0.666,127.39,2188318,17.137115,14,36.47,0.156,0.462,0.093,4.46,0,improving,0.2672,200,False,0,0,0,Normal,light positive
user_013,2026-05-01,0.455,0.656,119.8,1096778,9.961409,11,18.28,-0.114,0.479,0.081,-18.19,0,worsening,0.1663,608,False,0,0,0,Normal,neutral
user_013,2026-05-02,0.368,0.528,94.4,1309748,16.414124,8,21.83,-0.087,0.464,0.101,3.55,0,worsening,0.1538,679,True,1,1,1,Normal,neutral
user_013,2026-05-03,0.428,0.534,110.35,1268714,10.269573,9,21.15,0.06,0.417,0.045,-0.68,0,improving,0.1136,915,False,0,0,0,Normal,neutral
user_014,2026-04-13,0.387,0.626,127.39,2426066,24.589237,18,40.43,0.0,0.387,0.0,0.0,1,stable,0.1274,835,True,1,1,1,Normal,neutral
user_014,2026-04-14,0.433,0.68,111.24,1813783,17.74634,12,30.23,0.046,0.41,0.033,-10.2,0,improving,0.1328,808,False,0,0,0,Normal,neutral
user_014,2026-04-15,0.462,0.733,112.92,1935098,17.054111,13,32.25,0.029,0.427,0.038,2.02,0,improving,0.1159,899,False,0,0,0,Normal,neutral
user_014,2026-04-16,0.347,0.488,113.69,1850290,19.65719,13,30.84,-0.115,0.414,0.06,-1.41,0,worsening,0.2312,317,True,1,1,1,Normal,neutral
user_014,2026-04-17,0.474,0.545,113.72,2409534,20.280611,16,40.16,0.127,0.428,0.07,9.32,0,improving,0.2628,208,False,0,0,0,Normal,neutral
user_014,2026-04-18,0.396,0.569,123.53,1099951,12.148904,8,18.33,-0.078,0.406,0.064,-21.83,0,worsening,0.1257,843,True,1,1,1,Normal,neutral
user_014,2026-04-19,0.347,0.488,129.88,959953,10.790657,8,16.0,-0.049,0.406,0.064,-2.33,0,worsening,0.0822,1069,True,1,2,2,Normal,neutral
user_014,2026-04-20,0.459,0.413,115.89,1151946,11.220988,11,19.2,0.112,0.401,0.056,3.2,0,improving,0.1672,603,False,0,0,0,Normal,neutral
user_014,2026-04-21,0.528,0.556,110.41,1903376,16.219677,13,31.72,0.069,0.445,0.091,12.52,0,improving,0.1529,683,False,0,0,0,Normal,light positive
user_014,2026-04-22,0.45,0.472,129.43,2409207,21.556047,15,40.15,-0.078,0.479,0.043,8.43,0,worsening,0.2081,410,False,0,0,0,Normal,neutral
user_014,2026-04-23,0.488,0.647,122.85,2491983,26.778118,13,41.53,0.038,0.489,0.039,1.38,0,improving,0.1566,661,False,0,0,0,Normal,neutral
user_014,2026-04-24,0.42,0.577,115.11,1494831,14.746256,12,24.91,-0.068,0.453,0.034,-16.62,0,worsening,0.1394,771,False,0,0,0,Normal,neutral
user_014,2026-04-25,0.515,0.48,98.2,2617686,21.871456,18,43.63,0.095,0.474,0.049,18.72,0,improving,0.2274,332,False,0,0,0,Normal,light positive
user_014,2026-04-26,0.475,0.596,140.15,1579534,15.412008,9,26.33,-0.04,0.47,0.048,-17.3,0,worsening,0.1053,960,False,0,0,0,Normal,neutral
user_014,2026-04-27,0.385,0.513,125.45,1790195,19.44847,14,29.84,-0.09,0.458,0.067,3.51,0,worsening,0.1911,490,True,1,1,1,Normal,neutral
user_014,2026-04-28,0.548,0.474,117.5,1309511,10.20888,13,21.83,0.163,0.469,0.082,-8.01,0,improving,0.2326,312,False,0,0,0,Normal,light positive
user_014,2026-04-29,0.463,0.619,105.59,2075703,20.168066,13,34.6,-0.085,0.465,0.082,12.77,0,worsening,0.1928,480,False,0,0,0,Normal,neutral
user_014,2026-04-30,0.46,0.562,114.4,2091322,19.042017,16,34.86,-0.003,0.49,0.05,0.26,0,stable,0.0945,1006,False,0,0,0,Normal,neutral
user_014,2026-05-01,0.456,0.515,125.12,1926970,21.150396,10,32.12,-0.004,0.46,0.004,-2.74,0,stable,0.0859,1051,False,0,0,0,Normal,neutral
user_014,2026-05-02,0.403,0.559,126.59,2777821,26.673658,18,46.3,-0.053,0.44,0.032,14.18,0,worsening,0.2134,386,False,0,0,0,Normal,neutral
user_014,2026-05-03,0.429,0.465,128.12,1761307,20.380323,11,29.36,0.026,0.429,0.027,-16.94,0,improving,0.1055,959,False,0,0,0,Normal,neutral
user_015,2026-04-13,0.415,0.596,130.96,1610625,16.385818,13,26.84,0.0,0.415,0.0,0.0,0,stable,0.0652,1136,False,0,0,0,Normal,neutral
user_015,2026-04-14,0.383,0.457,118.4,1399040,15.002045,13,23.32,-0.032,0.399,0.023,-3.52,1,worsening,0.0923,1018,True,1,1,1,Normal,neutral
user_015,2026-04-15,0.569,0.677,123.65,2469955,16.756012,17,41.17,0.186,0.456,0.099,17.85,0,improving,0.3181,97,False,0,0,0,Normal,light positive
user_015,2026-04-16,0.413,0.517,122.17,1498246,15.916207,12,24.97,-0.156,0.455,0.1,-16.2,0,worsening,0.2474,258,False,0,0,0,Normal,neutral
user_015,2026-04-17,0.434,0.539,115.54,1338815,13.05091,11,22.31,0.021,0.472,0.085,-2.66,0,improving,0.0704,1116,False,0,0,0,Normal,neutral
user_015,2026-04-18,0.418,0.611,108.58,1002935,9.631265,8,16.72,-0.016,0.422,0.011,-5.59,0,stable,0.0425,1203,False,0,0,0,Normal,neutral
user_015,2026-04-19,0.483,0.654,111.56,1837099,15.957492,12,30.62,0.065,0.445,0.034,13.9,0,improving,0.1505,698,False,0,0,0,Normal,neutral
user_015,2026-04-20,0.417,0.526,125.39,2123159,21.859957,17,35.39,-0.066,0.439,0.038,4.77,0,worsening,0.1806,544,False,0,0,0,Normal,neutral
user_015,2026-04-21,0.308,0.6,132.03,1222081,14.328976,8,20.37,-0.109,0.403,0.088,-15.02,0,worsening,0.178,556,True,1,1,1,Normal,neutral
user_015,2026-04-22,0.409,0.545,117.72,2221660,20.708359,17,37.03,0.101,0.378,0.061,16.66,1,improving,0.2314,316,False,0,0,0,Normal,neutral
user_015,2026-04-23,0.424,0.442,114.42,2210002,22.072556,13,36.83,0.015,0.38,0.063,-0.2,1,stable,0.1233,854,False,0,0,0,Normal,neutral
user_015,2026-04-24,0.417,0.607,123.99,1429658,16.262068,9,23.83,-0.007,0.417,0.008,-13.0,0,stable,0.061,1148,False,0,0,0,Normal,neutral
user_015,2026-04-25,0.564,0.584,104.67,1499372,10.521839,11,24.99,0.147,0.468,0.083,1.16,0,improving,0.2217,359,False,0,0,0,Normal,light positive
user_015,2026-04-26,0.433,0.655,129.69,2057382,20.333385,14,34.29,-0.131,0.471,0.081,9.3,0,worsening,0.2525,243,False,0,0,0,Normal,neutral
user_015,2026-04-27,0.451,0.614,117.28,1778199,17.314768,11,29.64,0.018,0.483,0.071,-4.65,0,stable,0.094,1010,False,0,0,0,Normal,neutral
user_015,2026-04-28,0.415,0.586,122.32,1106574,11.380462,9,18.44,-0.036,0.433,0.018,-11.2,0,worsening,0.0741,1105,False,0,0,0,Normal,neutral
user_015,2026-04-29,0.303,0.603,110.66,2436981,28.257574,15,40.62,-0.112,0.39,0.077,22.18,1,worsening,0.2821,166,True,1,1,1,Normal,neutral
user_015,2026-04-30,0.496,0.589,115.34,2029022,16.318502,15,33.82,0.193,0.405,0.097,-6.8,0,improving,0.3159,103,False,0,0,0,Normal,neutral
user_015,2026-05-01,0.538,0.573,137.38,1247455,8.839984,9,20.79,0.042,0.446,0.125,-13.03,0,improving,0.0828,1066,False,0,0,0,Normal,light positive
user_015,2026-05-02,0.433,0.553,99.96,1594432,15.246605,11,26.57,-0.105,0.489,0.053,5.78,0,worsening,0.1898,498,False,0,0,0,Normal,neutral
user_015,2026-05-03,0.382,0.46,114.74,1424478,15.074027,10,23.74,-0.051,0.451,0.08,-2.83,0,worsening,0.1173,891,True,1,1,1,Normal,neutral
user_016,2026-04-13,0.323,0.653,128.23,2067528,24.327288,15,34.46,0.0,0.323,0.0,0.0,1,stable,0.112,924,True,1,1,1,Normal,neutral
user_016,2026-04-14,0.442,0.531,118.82,1925261,18.339972,16,32.09,0.119,0.383,0.084,-2.37,1,improving,0.2277,331,False,0,0,0,Normal,neutral
user_016,2026-04-15,0.537,0.558,117.24,2064305,15.889464,15,34.41,0.095,0.434,0.107,2.32,0,improving,0.192,486,False,0,0,0,Normal,light positive
user_016,2026-04-16,0.465,0.625,121.04,2338932,21.330494,18,38.98,-0.072,0.481,0.05,4.57,0,worsening,0.1933,477,False,0,0,0,Normal,neutral
user_016,2026-04-17,0.386,0.597,120.17,2176920,21.033554,16,36.28,-0.079,0.463,0.076,-2.7,0,worsening,0.2056,423,True,1,1,1,Normal,neutral
user_016,2026-04-18,0.399,0.558,116.96,1775578,18.17911,11,29.59,0.013,0.417,0.042,-6.69,0,stable,0.0945,1006,True,1,2,2,Normal,neutral
user_016,2026-04-19,0.528,0.626,111.07,1724260,14.45435,9,28.74,0.129,0.438,0.079,-0.85,0,improving,0.2159,377,False,0,0,0,Normal,light positive
user_016,2026-04-20,0.396,0.647,127.54,1867970,18.438244,14,31.13,-0.132,0.441,0.075,2.39,0,worsening,0.2463,264,True,1,1,1,Normal,neutral
user_016,2026-04-21,0.397,0.441,106.77,2463996,24.03194,18,41.07,0.001,0.44,0.076,9.94,0,stable,0.1293,826,True,1,2,2,Normal,neutral
user_016,2026-04-22,0.294,0.574,111.96,2699574,31.222273,18,44.99,-0.103,0.362,0.059,3.92,1,worsening,0.2949,144,True,1,3,3,Prolonged Low Mood,reflective
user_016,2026-04-23,0.364,0.486,125.98,1436235,15.1420965,10,23.94,0.07,0.352,0.053,-21.05,1,improving,0.1429,744,True,1,4,4,Prolonged Low Mood,neutral
user_016,2026-04-24,0.435,0.544,117.6,1074615,10.58371,10,17.91,0.071,0.364,0.071,-6.03,1,improving,0.1135,916,False,0,0,0,Normal,neutral
user_016,2026-04-25,0.538,0.503,122.35,965122,7.360613,8,16.09,0.103,0.446,0.087,-1.82,0,improving,0.1416,755,False,0,0,0,Normal,light positive
user_016,2026-04-26,0.387,0.49,126.35,1516445,15.927332,9,25.27,-0.151,0.453,0.077,9.18,0,worsening,0.2452,268,True,1,1,1,Normal,neutral
user_016,2026-04-27,0.465,0.729,128.97,1833987,14.003213,14,30.57,0.078,0.463,0.076,5.3,0,improving,0.1687,597,False,0,0,0,Normal,neutral
user_016,2026-04-28,0.433,0.436,114.24,2100413,20.864334,14,35.01,-0.032,0.428,0.039,4.44,0,worsening,0.135,797,False,0,0,0,Normal,neutral
user_016,2026-04-29,0.476,0.54,107.06,1469467,13.104624,12,24.49,0.043,0.458,0.022,-10.52,0,improving,0.102,973,False,0,0,0,Normal,neutral
user_016,2026-04-30,0.314,0.473,116.94,1510776,16.128992,11,25.18,-0.162,0.408,0.084,0.69,0,worsening,0.2654,203,True,1,1,1,Normal,neutral
user_016,2026-05-01,0.523,0.718,120.58,2225950,17.928864,17,37.1,0.209,0.438,0.11,11.92,0,improving,0.3421,70,False,0,0,0,Normal,light positive
user_016,2026-05-02,0.443,0.55,126.01,1733152,15.310231,13,28.89,-0.08,0.427,0.105,-8.21,0,worsening,0.1675,601,False,0,0,0,Normal,neutral
user_016,2026-05-03,0.476,0.6,111.82,2451094,22.97577,16,40.85,0.033,0.481,0.04,11.96,0,improving,0.1506,697,False,0,0,0,Normal,neutral
user_017,2026-04-13,0.369,0.555,129.38,2784276,30.459755,18,46.4,0.0,0.369,0.0,0.0,1,stable,0.1579,653,True,1,1,1,Normal,neutral
user_017,2026-04-14,0.539,0.608,128.76,1344893,11.443825,11,22.41,0.17,0.454,0.12,-23.99,0,improving,0.2437,272,False,0,0,0,Normal,light positive
user_017,2026-04-15,0.472,0.65,129.44,1277077,11.387164,10,21.28,-0.067,0.46,0.086,-1.13,0,worsening,0.1195,877,False,0,0,0,Normal,neutral
user_017,2026-04-16,0.415,0.551,116.45,2834442,27.06483,18,47.24,-0.057,0.475,0.062,25.96,0,worsening,0.2192,369,False,0,0,0,Normal,neutral
user_017,2026-04-17,0.448,0.669,122.3,2047910,19.36121,14,34.13,0.033,0.445,0.029,-13.11,0,improving,0.1302,822,False,0,0,0,Normal,neutral
user_017,2026-04-18,0.47,0.648,114.33,1722305,17.163303,11,28.71,0.022,0.444,0.028,-5.42,0,improving,0.0929,1014,False,0,0,0,Normal,neutral
user_017,2026-04-19,0.487,0.562,135.29,2190967,20.619907,14,36.52,0.017,0.468,0.02,7.81,0,stable,0.1131,918,False,0,0,0,Normal,neutral
user_017,2026-04-20,0.48,0.533,121.95,1496911,12.80135,13,24.95,-0.007,0.479,0.009,-11.57,0,stable,0.0595,1152,False,0,0,0,Normal,neutral
user_017,2026-04-21,0.402,0.587,126.57,2149072,21.07076,17,35.82,-0.078,0.456,0.047,10.87,0,worsening,0.1996,446,False,0,0,0,Normal,neutral
user_017,2026-04-22,0.489,0.557,99.9,1354775,12.208436,10,22.58,0.087,0.457,0.048,-13.24,0,improving,0.1473,714,False,0,0,0,Normal,neutral
user_017,2026-04-23,0.329,0.646,118.29,2909401,32.63729,18,48.49,-0.16,0.407,0.08,25.91,0,worsening,0.3725,45,True,1,1,1,Normal,neutral
user_017,2026-04-24,0.397,0.595,116.96,2498270,27.283175,18,41.64,0.068,0.405,0.08,-6.85,0,improving,0.2132,387,True,1,2,2,Normal,neutral
user_017,2026-04-25,0.484,0.732,114.49,1409914,11.427814,9,23.5,0.087,0.403,0.078,-18.14,0,improving,0.1511,692,False,0,0,0,Normal,neutral
user_017,2026-04-26,0.471,0.573,112.01,1701335,15.078664,9,28.36,-0.013,0.451,0.047,4.86,0,stable,0.0805,1074,False,0,0,0,Normal,neutral
user_017,2026-04-27,0.478,0.629,120.07,1493652,13.160664,13,24.89,0.007,0.478,0.007,-3.47,0,stable,0.0595,1152,False,0,0,0,Normal,neutral
user_017,2026-04-28,0.463,0.525,120.27,812565,7.582188,8,13.54,-0.015,0.471,0.008,-11.35,0,stable,0.0274,1221,False,0,0,0,Normal,neutral
user_017,2026-04-29,0.354,0.588,123.34,1708521,18.511349,11,28.48,-0.109,0.432,0.068,14.94,0,worsening,0.2121,392,True,1,1,1,Normal,neutral
user_017,2026-04-30,0.399,0.583,133.43,1701731,17.501535,12,28.36,0.045,0.405,0.055,-0.12,0,improving,0.1282,831,True,1,2,2,Normal,neutral
user_017,2026-05-01,0.402,0.529,122.5,2369456,23.446045,18,39.49,0.003,0.385,0.027,11.13,1,stable,0.1239,852,False,0,0,0,Normal,neutral
user_017,2026-05-02,0.382,0.592,132.13,2369761,25.495308,18,39.5,-0.02,0.394,0.011,0.01,1,stable,0.1487,707,True,1,1,1,Normal,neutral
user_017,2026-05-03,0.484,0.709,130.49,1354794,12.087915,9,22.58,0.102,0.423,0.054,-16.92,0,improving,0.166,611,False,0,0,0,Normal,neutral
user_018,2026-04-13,0.447,0.616,129.15,2397656,22.42554,17,39.96,0.0,0.447,0.0,0.0,0,stable,0.1131,918,False,0,0,0,Normal,neutral
user_018,2026-04-14,0.345,0.622,127.52,1314507,15.007071,9,21.91,-0.102,0.396,0.072,-18.05,1,worsening,0.1742,572,True,1,1,1,Normal,neutral
user_018,2026-04-15,0.45,0.613,129.05,2600449,24.362392,16,43.34,0.105,0.414,0.06,21.43,0,improving,0.2534,238,False,0,0,0,Normal,neutral
user_018,2026-04-16,0.398,0.494,114.83,2592795,28.004728,17,43.21,-0.052,0.398,0.053,-0.13,1,worsening,0.2002,444,True,1,1,1,Normal,neutral
user_018,2026-04-17,0.409,0.573,120.96,2583457,26.753822,17,43.06,0.011,0.419,0.027,-0.15,0,stable,0.1472,715,False,0,0,0,Normal,neutral
user_018,2026-04-18,0.477,0.598,113.2,1412825,11.223925,10,23.55,0.068,0.428,0.043,-19.51,0,improving,0.1288,829,False,0,0,0,Normal,neutral
user_018,2026-04-19,0.349,0.547,115.23,3084598,37.70597,17,51.41,-0.128,0.412,0.064,27.86,0,worsening,0.3417,71,True,1,1,1,Normal,neutral
user_018,2026-04-20,0.376,0.543,121.9,998332,10.358022,9,16.64,0.027,0.401,0.067,-34.77,0,improving,0.0572,1164,True,1,2,2,Normal,neutral
user_018,2026-04-21,0.32,0.54,119.99,1956454,23.196508,13,32.61,-0.056,0.348,0.028,15.97,1,worsening,0.1717,581,True,1,3,3,Prolonged Low Mood,neutral
user_018,2026-04-22,0.326,0.404,100.02,1758401,20.217487,13,29.31,0.006,0.341,0.031,-3.3,1,stable,0.0942,1008,True,1,4,4,Prolonged Low Mood,neutral
user_018,2026-04-23,0.526,0.495,112.94,1630834,12.190436,11,27.18,0.2,0.391,0.117,-2.13,0,improving,0.2973,137,False,0,0,0,Normal,light positive
user_018,2026-04-24,0.212,0.504,125.78,1017953,14.198493,8,16.97,-0.314,0.355,0.159,-10.21,0,worsening,0.4146,24,True,1,1,1,Normal,reflective
user_018,2026-04-25,0.464,0.592,116.72,1921894,16.15425,16,32.03,0.252,0.401,0.166,15.06,0,improving,0.386,34,False,0,0,0,Normal,neutral
user_018,2026-04-26,0.458,0.666,123.83,1571704,13.942619,11,26.2,-0.006,0.378,0.144,-5.83,0,stable,0.0652,1136,False,0,0,0,Normal,neutral
user_018,2026-04-27,0.387,0.45,110.74,2552577,25.56052,15,42.54,-0.071,0.436,0.043,16.34,0,worsening,0.2229,354,True,1,1,1,Normal,neutral
user_018,2026-04-28,0.329,0.604,120.92,1858351,21.402914,12,30.97,-0.058,0.391,0.065,-11.57,1,worsening,0.165,615,True,1,2,2,Normal,neutral
user_018,2026-04-29,0.428,0.598,115.47,1936833,18.596224,12,32.28,0.099,0.381,0.05,1.31,1,improving,0.2063,420,False,0,0,0,Normal,neutral
user_018,2026-04-30,0.489,0.618,116.85,4455311,26.706615,17,74.26,0.061,0.415,0.081,41.98,0,improving,0.303,128,False,0,0,0,Normal,neutral
user_018,2026-05-01,0.516,0.545,131.86,1111739,9.920997,9,18.53,0.027,0.478,0.045,-55.73,0,improving,0.0583,1157,False,0,0,0,Normal,light positive
user_018,2026-05-02,0.398,0.591,104.52,2507606,24.077673,16,41.79,-0.118,0.468,0.062,23.26,0,worsening,0.2745,185,True,1,1,1,Normal,neutral
user_018,2026-05-03,0.407,0.396,103.05,2372261,25.446486,16,39.54,0.009,0.44,0.066,-2.25,0,stable,0.1304,821,False,0,0,0,Normal,neutral
user_019,2026-04-13,0.217,0.486,112.13,1329365,17.53529,12,22.16,0.0,0.217,0.0,0.0,1,stable,0.0613,1147,True,1,1,1,Normal,reflective
user_019,2026-04-14,0.452,0.641,134.06,1634343,15.184384,10,27.24,0.235,0.334,0.166,5.08,0,improving,0.3485,61,False,0,0,0,Normal,neutral
user_019,2026-04-15,0.495,0.616,116.67,1168330,11.665618,8,19.47,0.043,0.388,0.15,-7.77,0,improving,0.0822,1069,False,0,0,0,Normal,neutral
user_019,2026-04-16,0.487,0.592,120.15,2296966,21.139526,18,38.28,-0.008,0.478,0.023,18.81,0,stable,0.1085,946,False,0,0,0,Normal,neutral
user_019,2026-04-17,0.261,0.49,124.09,3093398,38.185074,18,51.56,-0.226,0.414,0.133,13.28,0,worsening,0.4869,7,True,1,1,1,Normal,reflective
user_019,2026-04-18,0.391,0.586,121.6,1406051,14.244445,10,23.43,0.13,0.38,0.113,-28.13,0,improving,0.2113,396,True,1,2,2,Normal,neutral
user_019,2026-04-19,0.532,0.576,130.12,1605159,14.606424,8,26.75,0.141,0.395,0.136,3.32,0,improving,0.2234,351,False,0,0,0,Normal,light positive
user_019,2026-04-20,0.487,0.801,121.77,1707407,14.330763,9,28.46,-0.045,0.47,0.072,1.71,0,worsening,0.1178,886,False,0,0,0,Normal,neutral
user_019,2026-04-21,0.399,0.695,147.14,880867,8.769821,8,14.68,-0.088,0.473,0.068,-13.78,0,worsening,0.1222,863,True,1,1,1,Normal,neutral
user_019,2026-04-22,0.258,0.377,124.7,3298973,41.769547,17,54.98,-0.141,0.381,0.116,40.3,0,worsening,0.4023,28,True,1,2,2,Normal,reflective
user_019,2026-04-23,0.463,0.565,117.28,2088413,18.462051,17,34.81,0.205,0.373,0.105,-20.17,0,improving,0.3396,75,False,0,0,0,Normal,neutral
user_019,2026-04-24,0.392,0.597,111.54,1120234,12.24243,9,18.67,-0.071,0.371,0.104,-16.14,0,worsening,0.1189,880,True,1,1,1,Normal,neutral
user_019,2026-04-25,0.372,0.599,128.8,2184325,25.172571,16,36.41,-0.02,0.409,0.048,17.74,0,stable,0.1369,785,True,1,2,2,Normal,neutral
user_019,2026-04-26,0.576,0.607,129.86,1429672,10.493033,9,23.83,0.204,0.447,0.112,-12.58,0,improving,0.2864,160,False,0,0,0,Normal,light positive
user_019,2026-04-27,0.306,0.528,113.75,1934237,21.04963,12,32.24,-0.27,0.418,0.141,8.41,0,worsening,0.4324,20,True,1,1,1,Normal,neutral
user_019,2026-04-28,0.481,0.551,120.89,2335862,23.099194,14,38.93,0.175,0.454,0.137,6.69,0,improving,0.3152,105,False,0,0,0,Normal,neutral
user_019,2026-04-29,0.373,0.53,114.68,1924972,20.725826,15,32.08,-0.108,0.387,0.088,-6.85,1,worsening,0.2246,347,True,1,1,1,Normal,neutral
user_019,2026-04-30,0.422,0.512,127.97,2661077,24.649277,17,44.35,0.049,0.425,0.054,12.27,0,improving,0.1958,467,False,0,0,0,Normal,neutral
user_019,2026-05-01,0.476,0.438,118.11,1339153,12.195369,8,22.32,0.054,0.424,0.052,-22.03,0,improving,0.1073,953,False,0,0,0,Normal,neutral
user_019,2026-05-02,0.463,0.564,125.21,1759244,17.276972,10,29.32,-0.013,0.454,0.028,7.0,0,stable,0.0851,1055,False,0,0,0,Normal,neutral
user_019,2026-05-03,0.329,0.476,120.28,1405520,16.51052,11,23.43,-0.134,0.423,0.081,-5.89,0,worsening,0.2216,360,True,1,1,1,Normal,neutral
user_020,2026-04-13,0.42,0.555,108.67,1439671,14.465534,11,23.99,0.0,0.42,0.0,0.0,0,stable,0.0529,1174,False,0,0,0,Normal,neutral
user_020,2026-04-14,0.381,0.648,126.41,3319992,35.400898,18,55.33,-0.039,0.4,0.028,31.34,0,worsening,0.2415,280,True,1,1,1,Normal,neutral
user_020,2026-04-15,0.423,0.537,122.85,2219180,21.777372,16,36.99,0.042,0.408,0.023,-18.34,0,improving,0.1569,659,False,0,0,0,Normal,neutral
user_020,2026-04-16,0.457,0.721,141.38,1265428,11.28121,11,21.09,0.034,0.42,0.038,-15.9,0,improving,0.0797,1080,False,0,0,0,Normal,neutral
user_020,2026-04-17,0.488,0.525,123.53,2785581,28.249464,18,46.43,0.031,0.456,0.033,25.34,0,improving,0.1659,612,False,0,0,0,Normal,neutral
user_020,2026-04-18,0.445,0.416,115.47,1661526,15.66778,13,27.69,-0.043,0.463,0.022,-18.74,0,worsening,0.1175,889,False,0,0,0,Normal,neutral
user_020,2026-04-19,0.51,0.462,138.16,1578960,14.135359,13,26.32,0.065,0.481,0.033,-1.37,0,improving,0.1319,813,False,0,0,0,Normal,light positive
user_020,2026-04-20,0.478,0.687,114.31,2318757,20.682442,12,38.65,-0.032,0.478,0.033,12.33,0,worsening,0.1408,761,False,0,0,0,Normal,neutral
user_020,2026-04-21,0.403,0.508,112.57,926642,9.212073,9,15.44,-0.075,0.464,0.055,-23.21,0,worsening,0.1095,939,False,0,0,0,Normal,neutral
user_020,2026-04-22,0.363,0.563,117.49,2532158,27.850925,18,42.2,-0.04,0.415,0.058,26.76,0,worsening,0.189,504,True,1,1,1,Normal,neutral
user_020,2026-04-23,0.566,0.584,115.44,1028143,7.1750593,8,17.14,0.203,0.444,0.108,-25.06,0,improving,0.2655,202,False,0,0,0,Normal,light positive
user_020,2026-04-24,0.471,0.63,107.62,1265265,11.007682,9,21.09,-0.095,0.467,0.102,3.95,0,worsening,0.1529,683,False,0,0,0,Normal,neutral
user_020,2026-04-25,0.378,0.515,135.0,1501850,15.948778,10,25.03,-0.093,0.472,0.094,3.94,0,worsening,0.1745,570,True,1,1,1,Normal,neutral
user_020,2026-04-26,0.311,0.485,121.03,1726896,20.336643,11,28.78,-0.067,0.387,0.08,3.75,1,worsening,0.1678,599,True,1,2,2,Normal,neutral
user_020,2026-04-27,0.494,0.654,103.99,1073314,9.123534,9,17.89,0.183,0.394,0.093,-10.89,1,improving,0.2469,261,False,0,0,0,Normal,neutral
user_020,2026-04-28,0.382,0.595,115.67,1069475,12.395388,8,17.82,-0.112,0.396,0.092,-0.07,1,worsening,0.1656,614,True,1,1,1,Normal,neutral
user_020,2026-04-29,0.402,0.501,101.18,2427427,25.840303,15,40.46,0.02,0.426,0.06,22.64,0,stable,0.1487,707,False,0,0,0,Normal,neutral
user_020,2026-04-30,0.429,0.557,125.56,4897451,61.62976,18,81.62,0.027,0.404,0.024,41.16,0,improving,0.3183,96,False,0,0,0,Normal,neutral
user_020,2026-05-01,0.431,0.612,121.65,999225,9.231157,9,16.65,0.002,0.421,0.016,-64.97,0,stable,0.0247,1224,False,0,0,0,Normal,neutral
user_020,2026-05-02,0.49,0.464,128.22,1236847,11.8941345,11,20.61,0.059,0.45,0.035,3.96,0,improving,0.1061,957,False,0,0,0,Normal,neutral
user_020,2026-05-03,0.487,0.563,123.74,1749672,15.718101,13,29.16,-0.003,0.469,0.033,8.55,0,stable,0.0693,1120,False,0,0,0,Normal,neutral
user_021,2026-04-13,0.478,0.692,114.8,3119803,26.740564,18,52.0,0.0,0.478,0.0,0.0,0,stable,0.1513,691,False,0,0,0,Normal,neutral
user_021,2026-04-14,0.515,0.585,120.36,2537760,22.724363,15,42.3,0.037,0.496,0.026,-9.7,0,improving,0.1522,687,False,0,0,0,Normal,light positive
user_021,2026-04-15,0.484,0.554,107.92,1820508,14.381993,16,30.34,-0.031,0.492,0.02,-11.96,0,worsening,0.108,948,False,0,0,0,Normal,neutral
user_021,2026-04-16,0.6,0.576,127.94,2580301,21.910954,14,43.01,0.116,0.533,0.06,12.67,0,improving,0.2316,315,False,0,0,0,Normal,light positive
user_021,2026-04-17,0.546,0.596,122.55,1330232,9.791247,12,22.17,-0.054,0.543,0.058,-20.84,0,worsening,0.1012,976,False,0,0,0,Normal,light positive
user_021,2026-04-18,0.469,0.526,105.47,1175822,9.388402,10,19.6,-0.077,0.538,0.066,-2.57,0,worsening,0.1256,844,False,0,0,0,Normal,neutral
user_021,2026-04-19,0.366,0.325,116.61,1939331,20.758999,17,32.32,-0.103,0.46,0.09,12.72,0,worsening,0.2206,364,True,1,1,1,Normal,neutral
user_021,2026-04-20,0.415,0.636,128.91,2614554,25.427305,16,43.58,0.049,0.417,0.052,11.26,0,improving,0.1943,474,False,0,0,0,Normal,neutral
user_021,2026-04-21,0.52,0.698,135.13,985570,8.0746,8,16.43,0.105,0.434,0.079,-27.15,0,improving,0.1458,724,False,0,0,0,Normal,light positive
user_021,2026-04-22,0.429,0.507,116.85,1948194,19.127342,15,32.47,-0.091,0.455,0.057,16.04,0,worsening,0.1971,459,False,0,0,0,Normal,neutral
user_021,2026-04-23,0.432,0.57,125.57,927962,8.796256,8,15.47,0.003,0.46,0.052,-17.0,0,stable,0.0211,1227,False,0,0,0,Normal,neutral
user_021,2026-04-24,0.468,0.554,124.62,2696930,26.101463,16,44.95,0.036,0.443,0.022,29.48,0,improving,0.1714,583,False,0,0,0,Normal,neutral
user_021,2026-04-25,0.45,0.652,126.04,2219549,20.436125,17,36.99,-0.018,0.45,0.018,-7.96,0,stable,0.1228,858,False,0,0,0,Normal,neutral
user_021,2026-04-26,0.374,0.465,104.06,1290819,12.7071905,9,21.51,-0.076,0.431,0.05,-15.48,0,worsening,0.1385,776,True,1,1,1,Normal,neutral
user_021,2026-04-27,0.552,0.544,125.79,1408985,10.268774,12,23.48,0.178,0.459,0.089,1.97,0,improving,0.2558,232,False,0,0,0,Normal,light positive
user_021,2026-04-28,0.34,0.574,107.18,1519899,17.391499,9,25.33,-0.212,0.422,0.114,1.85,0,worsening,0.3244,89,True,1,1,1,Normal,neutral
user_021,2026-04-29,0.476,0.525,132.91,1994651,16.521263,14,33.24,0.136,0.456,0.107,7.91,0,improving,0.2476,257,False,0,0,0,Normal,neutral
user_021,2026-04-30,0.344,0.599,115.31,2998943,33.537735,18,49.98,-0.132,0.387,0.077,16.74,1,worsening,0.3414,72,True,1,1,1,Normal,neutral
user_021,2026-05-01,0.406,0.506,120.38,791434,7.0787945,8,13.19,0.062,0.409,0.066,-36.79,0,improving,0.0841,1061,False,0,0,0,Normal,neutral
user_021,2026-05-02,0.48,0.583,129.03,1227996,12.212428,12,20.47,0.074,0.41,0.068,7.28,0,improving,0.1245,848,False,0,0,0,Normal,neutral
user_021,2026-05-03,0.498,0.671,125.3,2779062,22.762537,18,46.32,0.018,0.461,0.049,25.85,0,stable,0.1472,715,False,0,0,0,Normal,neutral
user_022,2026-04-13,0.404,0.508,103.08,1607538,16.056227,11,26.79,0.0,0.404,0.0,0.0,0,stable,0.0662,1132,False,0,0,0,Normal,neutral
user_022,2026-04-14,0.386,0.465,117.16,1347929,13.89614,9,22.47,-0.018,0.395,0.013,-4.32,1,stable,0.0713,1112,True,1,1,1,Normal,neutral
user_022,2026-04-15,0.383,0.581,104.75,2923192,29.683035,13,48.72,-0.003,0.391,0.011,26.25,1,stable,0.1682,598,True,1,2,2,Normal,neutral
user_022,2026-04-16,0.387,0.712,125.99,1693929,17.954739,13,28.23,0.004,0.385,0.002,-20.49,1,stable,0.0792,1081,True,1,3,3,Prolonged Low Mood,neutral
user_022,2026-04-17,0.478,0.519,108.81,2236427,19.676863,15,37.27,0.091,0.416,0.054,9.04,0,improving,0.2075,415,False,0,0,0,Normal,neutral
user_022,2026-04-18,0.438,0.549,107.49,1527893,14.797499,11,25.46,-0.04,0.434,0.046,-11.81,0,worsening,0.1058,958,False,0,0,0,Normal,neutral
user_022,2026-04-19,0.388,0.606,124.2,2575397,26.098703,18,42.92,-0.05,0.435,0.045,17.46,0,worsening,0.1988,451,True,1,1,1,Normal,neutral
user_022,2026-04-20,0.489,0.475,108.12,1620954,15.254201,13,27.02,0.101,0.438,0.051,-15.9,0,improving,0.1805,545,False,0,0,0,Normal,neutral
user_022,2026-04-21,0.382,0.414,130.51,1178744,12.349398,11,19.65,-0.107,0.42,0.06,-7.37,0,worsening,0.1675,601,True,1,1,1,Normal,neutral
user_022,2026-04-22,0.425,0.514,105.94,2924860,28.797201,18,48.75,0.043,0.432,0.054,29.1,0,improving,0.2057,422,False,0,0,0,Normal,neutral
user_022,2026-04-23,0.391,0.619,108.38,2382460,23.389088,18,39.71,-0.034,0.399,0.023,-9.04,1,worsening,0.1648,616,True,1,1,1,Normal,neutral
user_022,2026-04-24,0.416,0.487,108.32,2037143,19.330526,13,33.95,0.025,0.411,0.018,-5.76,0,improving,0.1249,846,False,0,0,0,Normal,neutral
user_022,2026-04-25,0.672,0.647,117.68,1033595,5.392909,8,17.23,0.256,0.493,0.156,-16.72,0,improving,0.3256,88,False,0,0,0,Normal,light positive
user_022,2026-04-26,0.58,0.645,118.04,2942536,22.61935,14,49.04,-0.092,0.556,0.13,31.81,0,worsening,0.2249,346,False,0,0,0,Normal,light positive
user_022,2026-04-27,0.555,0.639,120.61,1503674,11.464835,14,25.06,-0.025,0.602,0.062,-23.98,0,worsening,0.0744,1103,False,0,0,0,Normal,light positive
user_022,2026-04-28,0.542,0.49,112.38,1360681,9.464762,9,22.68,-0.013,0.559,0.019,-2.38,0,stable,0.0533,1173,False,0,0,0,Normal,light positive
user_022,2026-04-29,0.542,0.645,127.41,2403066,17.27819,14,40.05,0.0,0.546,0.008,17.37,0,stable,0.094,1010,False,0,0,0,Normal,light positive
user_022,2026-04-30,0.412,0.637,110.06,2986159,30.342184,17,49.77,-0.13,0.499,0.075,9.72,0,worsening,0.3193,93,False,0,0,0,Normal,neutral
user_022,2026-05-01,0.427,0.556,112.64,1280488,13.300157,9,21.34,0.015,0.46,0.071,-28.43,0,stable,0.0597,1151,False,0,0,0,Normal,neutral
user_022,2026-05-02,0.327,0.638,116.44,2376438,27.334738,15,39.61,-0.1,0.389,0.054,18.27,1,worsening,0.2576,226,True,1,1,1,Normal,neutral
user_022,2026-05-03,0.354,0.502,114.5,1112692,12.866631,9,18.54,0.027,0.369,0.052,-21.07,1,improving,0.0668,1131,True,1,2,2,Normal,neutral
user_023,2026-04-13,0.481,0.496,111.75,2018706,17.789452,16,33.65,0.0,0.481,0.0,0.0,0,stable,0.0829,1065,False,0,0,0,Normal,neutral
user_023,2026-04-14,0.518,0.586,123.11,1464524,11.629053,12,24.41,0.037,0.5,0.026,-9.24,0,improving,0.0904,1028,False,0,0,0,Normal,light positive
user_023,2026-04-15,0.487,0.502,112.98,1305989,14.600032,8,21.77,-0.031,0.495,0.02,-2.64,0,worsening,0.0764,1095,False,0,0,0,Normal,neutral
user_023,2026-04-16,0.441,0.594,121.42,2498670,24.2023,18,41.64,-0.046,0.482,0.039,19.87,0,worsening,0.1769,559,False,0,0,0,Normal,neutral
user_023,2026-04-17,0.308,0.573,114.26,1122778,13.523082,9,18.71,-0.133,0.412,0.093,-22.93,0,worsening,0.199,450,True,1,1,1,Normal,neutral
user_023,2026-04-18,0.291,0.488,120.6,2243933,27.32242,14,37.4,-0.017,0.347,0.082,18.69,1,stable,0.1528,684,True,1,2,2,Normal,reflective
user_023,2026-04-19,0.303,0.573,113.63,1347557,15.824948,9,22.46,0.012,0.301,0.009,-14.94,1,stable,0.0706,1115,True,1,3,3,Prolonged Low Mood,neutral
user_023,2026-04-20,0.502,0.636,127.97,2650097,21.014994,18,44.17,0.199,0.365,0.119,21.71,0,improving,0.3588,54,False,0,0,0,Normal,light positive
user_023,2026-04-21,0.424,0.681,125.64,2749904,26.89565,16,45.83,-0.078,0.41,0.1,1.66,0,worsening,0.2367,296,False,0,0,0,Normal,neutral
user_023,2026-04-22,0.443,0.494,116.97,2133447,19.353973,16,35.56,0.019,0.456,0.041,-10.27,0,stable,0.1196,876,False,0,0,0,Normal,neutral
user_023,2026-04-23,0.434,0.521,140.1,1777867,15.655301,12,29.63,-0.009,0.434,0.01,-5.93,0,stable,0.0852,1054,False,0,0,0,Normal,neutral
user_023,2026-04-24,0.461,0.558,111.85,1932483,17.318844,13,32.21,0.027,0.446,0.014,2.58,0,improving,0.1134,917,False,0,0,0,Normal,neutral
user_023,2026-04-25,0.436,0.636,110.42,1926826,18.857637,14,32.11,-0.025,0.444,0.015,-0.1,0,worsening,0.1143,910,False,0,0,0,Normal,neutral
user_023,2026-04-26,0.374,0.452,109.87,2553933,26.935112,16,42.57,-0.062,0.424,0.045,10.46,0,worsening,0.215,379,True,1,1,1,Normal,neutral
user_023,2026-04-27,0.378,0.584,107.58,2987650,30.536518,17,49.79,0.004,0.396,0.035,7.22,1,stable,0.1754,567,True,1,2,2,Normal,neutral
user_023,2026-04-28,0.329,0.504,112.82,1201999,13.967433,8,20.03,-0.049,0.36,0.027,-29.76,1,worsening,0.102,973,True,1,3,3,Prolonged Low Mood,neutral
user_023,2026-04-29,0.41,0.57,112.8,1944830,19.833603,15,32.41,0.081,0.372,0.041,12.38,1,improving,0.1876,513,False,0,0,0,Normal,neutral
user_023,2026-04-30,0.591,0.512,114.48,1113159,8.027226,9,18.55,0.181,0.443,0.134,-13.86,0,improving,0.2417,279,False,0,0,0,Normal,light positive
user_023,2026-05-01,0.471,0.534,116.21,1719964,15.440543,11,28.67,-0.12,0.491,0.092,10.12,0,worsening,0.2118,394,False,0,0,0,Normal,neutral
user_023,2026-05-02,0.506,0.565,113.99,2291169,18.857832,17,38.19,0.035,0.523,0.062,9.52,0,improving,0.1374,782,False,0,0,0,Normal,light positive
user_023,2026-05-03,0.444,0.568,106.13,1616823,16.106724,10,26.95,-0.062,0.474,0.031,-11.24,0,worsening,0.1378,780,False,0,0,0,Normal,neutral
user_024,2026-04-13,0.414,0.578,115.89,1972312,19.918745,16,32.87,0.0,0.414,0.0,0.0,0,stable,0.0904,1028,False,0,0,0,Normal,neutral
user_024,2026-04-14,0.441,0.485,137.7,2199412,20.087938,13,36.66,0.027,0.428,0.019,3.79,0,improving,0.1341,802,False,0,0,0,Normal,neutral
user_024,2026-04-15,0.45,0.662,132.33,1311962,11.517257,10,21.87,0.009,0.435,0.019,-14.79,0,stable,0.0528,1175,False,0,0,0,Normal,neutral
user_024,2026-04-16,0.396,0.56,122.86,1257506,12.264835,11,20.96,-0.054,0.429,0.029,-0.91,0,worsening,0.1078,950,True,1,1,1,Normal,neutral
user_024,2026-04-17,0.408,0.579,113.59,1601707,16.862585,13,26.7,0.012,0.418,0.028,5.74,0,stable,0.08,1077,False,0,0,0,Normal,neutral
user_024,2026-04-18,0.36,0.523,141.15,2060037,22.888227,16,34.33,-0.048,0.388,0.025,7.63,1,worsening,0.1637,622,True,1,1,1,Normal,neutral
user_024,2026-04-19,0.457,0.64,114.88,2416066,22.991955,14,40.27,0.097,0.408,0.049,5.94,0,improving,0.2302,322,False,0,0,0,Normal,neutral
user_024,2026-04-20,0.435,0.507,108.25,2878241,28.536648,18,47.97,-0.022,0.417,0.051,7.7,0,worsening,0.1744,571,False,0,0,0,Normal,neutral
user_024,2026-04-21,0.373,0.638,130.14,2471973,23.78629,17,41.2,-0.062,0.422,0.044,-6.77,0,worsening,0.2092,403,True,1,1,1,Normal,neutral
user_024,2026-04-22,0.384,0.572,122.47,1915223,19.87093,16,31.92,0.011,0.397,0.033,-9.28,1,stable,0.1042,965,True,1,2,2,Normal,neutral
user_024,2026-04-23,0.411,0.421,121.9,1892134,19.757347,14,31.54,0.027,0.389,0.02,-0.38,1,improving,0.1181,884,False,0,0,0,Normal,neutral
user_024,2026-04-24,0.207,0.599,116.94,1836571,23.593454,11,30.61,-0.204,0.334,0.111,-0.93,0,worsening,0.3577,55,True,1,1,1,Normal,reflective
user_024,2026-04-25,0.516,0.546,117.12,1753626,15.897631,12,29.23,0.309,0.378,0.157,-1.38,0,improving,0.4381,17,False,0,0,0,Normal,light positive
user_024,2026-04-26,0.369,0.589,106.35,1340282,13.706888,9,22.34,-0.147,0.364,0.155,-6.89,0,worsening,0.229,327,True,1,1,1,Normal,neutral
user_024,2026-04-27,0.423,0.476,101.43,2038951,18.35389,12,33.98,0.054,0.436,0.074,11.64,0,improving,0.1592,646,False,0,0,0,Normal,neutral
user_024,2026-04-28,0.346,0.472,118.28,2602812,29.585436,18,43.38,-0.077,0.379,0.04,9.4,1,worsening,0.2433,274,True,1,1,1,Normal,neutral
user_024,2026-04-29,0.453,0.522,113.29,1718808,16.28087,12,28.65,0.107,0.407,0.055,-14.73,0,improving,0.1981,453,False,0,0,0,Normal,neutral
user_024,2026-04-30,0.511,0.512,124.96,1638597,15.156781,9,27.31,0.058,0.437,0.084,-1.34,0,improving,0.1267,839,False,0,0,0,Normal,light positive
user_024,2026-05-01,0.496,0.602,136.51,1707439,14.115643,15,28.46,-0.015,0.487,0.03,1.15,0,stable,0.0802,1075,False,0,0,0,Normal,neutral
user_024,2026-05-02,0.457,0.529,114.31,2357687,23.112532,18,39.29,-0.039,0.488,0.028,10.83,0,worsening,0.1559,666,False,0,0,0,Normal,neutral
user_024,2026-05-03,0.406,0.598,119.2,2585378,26.702908,17,43.09,-0.051,0.453,0.045,3.8,0,worsening,0.1967,461,False,0,0,0,Normal,neutral
user_025,2026-04-13,0.488,0.566,119.52,1413119,13.138728,11,23.55,0.0,0.488,0.0,0.0,0,stable,0.0451,1199,False,0,0,0,Normal,neutral
user_025,2026-04-14,0.444,0.651,121.92,1362887,12.863938,12,22.71,-0.044,0.466,0.031,-0.84,0,worsening,0.0992,988,False,0,0,0,Normal,neutral
user_025,2026-04-15,0.416,0.607,119.98,1892395,19.309526,13,31.54,-0.028,0.449,0.036,8.83,0,worsening,0.1186,881,False,0,0,0,Normal,neutral
user_025,2026-04-16,0.555,0.724,124.82,1147277,8.901327,10,19.12,0.139,0.472,0.074,-12.42,0,improving,0.1943,474,False,0,0,0,Normal,light positive
user_025,2026-04-17,0.398,0.471,105.02,1700421,16.356924,10,28.34,-0.157,0.456,0.086,9.22,0,worsening,0.2645,205,True,1,1,1,Normal,neutral
user_025,2026-04-18,0.302,0.473,115.39,1328092,16.122015,10,22.13,-0.096,0.418,0.128,-6.21,0,worsening,0.1712,584,True,1,2,2,Normal,neutral
user_025,2026-04-19,0.385,0.503,108.56,1975428,19.206753,18,32.92,0.083,0.362,0.052,10.79,1,improving,0.196,466,True,1,3,3,Prolonged Low Mood,neutral
user_025,2026-04-20,0.38,0.502,120.13,2492938,26.2533,16,41.55,-0.005,0.356,0.047,8.63,1,stable,0.1399,768,True,1,4,4,Prolonged Low Mood,neutral
user_025,2026-04-21,0.469,0.633,127.12,2255859,18.798338,17,37.6,0.089,0.411,0.05,-3.95,0,improving,0.208,411,False,0,0,0,Normal,neutral
user_025,2026-04-22,0.502,0.502,108.61,2637322,21.808512,16,43.96,0.033,0.45,0.063,6.36,0,improving,0.1561,665,False,0,0,0,Normal,light positive
user_025,2026-04-23,0.547,0.645,111.46,2763869,21.384047,18,46.06,0.045,0.506,0.039,2.1,0,improving,0.167,604,False,0,0,0,Normal,light positive
user_025,2026-04-24,0.433,0.619,127.38,2344391,28.33245,9,39.07,-0.114,0.494,0.057,-6.99,0,worsening,0.2511,246,False,0,0,0,Normal,neutral
user_025,2026-04-25,0.385,0.677,107.41,2613608,28.939741,17,43.56,-0.048,0.455,0.083,4.49,0,worsening,0.1999,445,True,1,1,1,Normal,neutral
user_025,2026-04-26,0.434,0.523,120.1,1187346,9.998482,8,19.79,0.049,0.417,0.028,-23.77,0,improving,0.0944,1007,False,0,0,0,Normal,neutral
user_025,2026-04-27,0.289,0.485,119.92,1863852,21.465336,13,31.06,-0.145,0.369,0.074,11.27,1,worsening,0.2769,176,True,1,1,1,Normal,reflective
user_025,2026-04-28,0.385,0.51,127.78,1664771,17.422981,14,27.75,0.096,0.369,0.074,-3.31,1,improving,0.1893,502,True,1,2,2,Normal,neutral
user_025,2026-04-29,0.352,0.574,112.97,1501842,16.02054,11,25.03,-0.033,0.342,0.049,-2.72,1,worsening,0.104,966,True,1,3,3,Prolonged Low Mood,neutral
user_025,2026-04-30,0.365,0.516,119.15,1909243,21.033447,9,31.82,0.013,0.367,0.017,6.79,1,stable,0.109,944,True,1,4,4,Prolonged Low Mood,neutral
user_025,2026-05-01,0.472,0.538,134.72,1621083,16.191885,10,27.02,0.107,0.396,0.066,-4.8,1,improving,0.1897,499,False,0,0,0,Normal,neutral
user_025,2026-05-02,0.518,0.487,123.38,2012656,16.932623,17,33.54,0.046,0.452,0.079,6.52,0,improving,0.1326,810,False,0,0,0,Normal,light positive
user_025,2026-05-03,0.472,0.531,116.13,1491132,13.484634,11,24.85,-0.046,0.487,0.027,-8.69,0,worsening,0.1073,953,False,0,0,0,Normal,neutral
user_026,2026-04-13,0.525,0.642,112.5,2022302,16.063398,11,33.71,0.0,0.525,0.0,0.0,0,stable,0.0761,1098,False,0,0,0,Normal,light positive
user_026,2026-04-14,0.49,0.585,122.77,2285305,20.857855,18,38.09,-0.035,0.507,0.025,4.38,0,worsening,0.1401,766,False,0,0,0,Normal,neutral
user_026,2026-04-15,0.387,0.54,132.67,1615845,17.17032,9,26.93,-0.103,0.467,0.072,-11.16,0,worsening,0.194,475,True,1,1,1,Normal,neutral
user_026,2026-04-16,0.41,0.621,112.56,2351104,22.922274,18,39.19,0.023,0.429,0.054,12.26,0,improving,0.1454,727,False,0,0,0,Normal,neutral
user_026,2026-04-17,0.298,0.493,114.97,2980563,36.73464,18,49.68,-0.112,0.365,0.059,10.49,1,worsening,0.3282,85,True,1,1,1,Normal,reflective
user_026,2026-04-18,0.483,0.513,128.59,1594358,13.969806,14,26.57,0.185,0.397,0.093,-23.11,1,improving,0.2817,167,False,0,0,0,Normal,neutral
user_026,2026-04-19,0.463,0.516,101.2,1180655,9.378895,9,19.68,-0.02,0.415,0.102,-6.89,0,stable,0.0569,1165,False,0,0,0,Normal,neutral
user_026,2026-04-20,0.403,0.457,96.92,1288769,11.719749,9,21.48,-0.06,0.45,0.042,1.8,0,worsening,0.1168,896,False,0,0,0,Normal,neutral
user_026,2026-04-21,0.566,0.685,118.31,1725926,11.82927,11,28.77,0.163,0.477,0.082,7.29,0,improving,0.2526,242,False,0,0,0,Normal,light positive
user_026,2026-04-22,0.454,0.595,128.0,2645492,26.734518,14,44.09,-0.112,0.474,0.083,15.32,0,worsening,0.2639,206,False,0,0,0,Normal,neutral
user_026,2026-04-23,0.226,0.376,114.27,1030168,13.151341,9,17.17,-0.228,0.415,0.173,-26.92,0,worsening,0.3105,117,True,1,1,1,Normal,reflective
user_026,2026-04-24,0.506,0.586,112.65,1807260,15.039937,13,30.12,0.28,0.395,0.149,12.95,0,improving,0.4072,27,False,0,0,0,Normal,light positive
user_026,2026-04-25,0.593,0.552,110.75,1015260,5.399132,9,16.92,0.087,0.442,0.192,-13.2,0,improving,0.1226,859,False,0,0,0,Normal,light positive
user_026,2026-04-26,0.465,0.661,128.27,2596985,28.65654,13,43.28,-0.128,0.521,0.065,26.36,0,worsening,0.2777,174,False,0,0,0,Normal,neutral
user_026,2026-04-27,0.428,0.54,103.7,1214560,10.627668,8,20.24,-0.037,0.495,0.087,-23.04,0,worsening,0.082,1070,False,0,0,0,Normal,neutral
user_026,2026-04-28,0.537,0.597,123.66,1713238,13.717066,15,28.55,0.109,0.477,0.055,8.31,0,improving,0.1898,498,False,0,0,0,Normal,light positive
user_026,2026-04-29,0.606,0.646,141.31,861270,7.5882587,8,14.35,0.069,0.524,0.09,-14.2,0,improving,0.0929,1014,False,0,0,0,Normal,light positive
user_026,2026-04-30,0.362,0.599,127.07,1691918,19.664976,10,28.2,-0.244,0.502,0.126,13.85,0,worsening,0.3741,43,True,1,1,1,Normal,neutral
user_026,2026-05-01,0.413,0.75,138.12,1285899,13.13192,9,21.43,0.051,0.46,0.129,-6.77,0,improving,0.1049,962,False,0,0,0,Normal,neutral
user_026,2026-05-02,0.428,0.59,121.43,2170812,21.94817,17,36.18,0.015,0.401,0.035,14.75,0,stable,0.1199,873,False,0,0,0,Normal,neutral
user_026,2026-05-03,0.358,0.515,98.9,1466851,19.395123,8,24.45,-0.07,0.4,0.037,-11.73,0,worsening,0.1458,724,True,1,1,1,Normal,neutral
user_027,2026-04-13,0.416,0.466,114.4,1498083,14.855633,12,24.97,0.0,0.416,0.0,0.0,0,stable,0.0573,1163,False,0,0,0,Normal,neutral
user_027,2026-04-14,0.546,0.651,132.77,1461778,11.113445,14,24.36,0.13,0.481,0.092,-0.61,0,improving,0.2008,442,False,0,0,0,Normal,light positive
user_027,2026-04-15,0.421,0.621,115.65,1905470,19.473387,13,31.76,-0.125,0.461,0.074,7.4,0,worsening,0.2368,295,False,0,0,0,Normal,neutral
user_027,2026-04-16,0.466,0.558,125.5,2328390,20.287767,15,38.81,0.045,0.478,0.063,7.05,0,improving,0.1596,643,False,0,0,0,Normal,neutral
user_027,2026-04-17,0.39,0.532,110.43,2988459,29.998463,16,49.81,-0.076,0.426,0.038,11.0,0,worsening,0.2598,218,True,1,1,1,Normal,neutral
user_027,2026-04-18,0.599,0.572,107.97,1788602,13.171114,12,29.81,0.209,0.485,0.106,-20.0,0,improving,0.3074,118,False,0,0,0,Normal,light positive
user_027,2026-04-19,0.459,0.514,124.2,2501087,27.452478,17,41.68,-0.14,0.483,0.106,11.87,0,worsening,0.2875,155,False,0,0,0,Normal,neutral
user_027,2026-04-20,0.625,0.67,126.79,1268691,7.4499497,11,21.14,0.166,0.561,0.089,-20.54,0,improving,0.2286,329,False,0,0,0,Normal,light positive
user_027,2026-04-21,0.366,0.535,120.43,2244084,24.53278,18,37.4,-0.259,0.483,0.131,16.26,0,worsening,0.4332,19,True,1,1,1,Normal,neutral
user_027,2026-04-22,0.401,0.542,127.93,1830314,18.064613,13,30.51,0.035,0.464,0.141,-6.89,0,improving,0.1249,846,False,0,0,0,Normal,neutral
user_027,2026-04-23,0.431,0.542,125.92,2265937,22.951061,16,37.77,0.03,0.399,0.033,7.26,1,improving,0.144,738,False,0,0,0,Normal,neutral
user_027,2026-04-24,0.389,0.533,124.83,2597756,26.243216,17,43.3,-0.042,0.407,0.022,5.53,0,worsening,0.1905,493,True,1,1,1,Normal,neutral
user_027,2026-04-25,0.465,0.566,118.39,1992181,18.03729,16,33.2,0.076,0.428,0.038,-10.1,0,improving,0.1762,562,False,0,0,0,Normal,neutral
user_027,2026-04-26,0.478,0.563,118.1,2395684,20.121542,17,39.93,0.013,0.444,0.048,6.73,0,stable,0.1225,860,False,0,0,0,Normal,neutral
user_027,2026-04-27,0.445,0.646,115.92,1506868,16.423712,13,25.11,-0.033,0.463,0.017,-14.82,0,worsening,0.0952,1001,False,0,0,0,Normal,neutral
user_027,2026-04-28,0.374,0.683,122.11,1049073,10.176977,8,17.48,-0.071,0.432,0.053,-7.63,0,worsening,0.1146,908,True,1,1,1,Normal,neutral
user_027,2026-04-29,0.26,0.505,107.37,1584684,18.983137,13,26.41,-0.114,0.36,0.093,8.93,1,worsening,0.2189,370,True,1,2,2,Normal,reflective
user_027,2026-04-30,0.597,0.68,125.67,1238160,7.291151,9,20.64,0.337,0.41,0.171,-5.77,0,improving,0.4372,18,False,0,0,0,Normal,light positive
user_027,2026-05-01,0.36,0.512,110.61,2318169,26.204336,17,38.64,-0.237,0.406,0.173,18.0,0,worsening,0.4132,25,True,1,1,1,Normal,neutral
user_027,2026-05-02,0.482,0.548,122.14,1227974,12.197718,10,20.47,0.122,0.48,0.119,-18.17,0,improving,0.1827,533,False,0,0,0,Normal,neutral
user_027,2026-05-03,0.473,0.486,115.47,1198333,9.703171,10,19.97,-0.009,0.438,0.068,-0.5,0,stable,0.044,1201,False,0,0,0,Normal,neutral
user_028,2026-04-13,0.436,0.646,122.98,1200662,11.0580845,10,20.01,0.0,0.436,0.0,0.0,0,stable,0.0355,1212,False,0,0,0,Normal,neutral
user_028,2026-04-14,0.45,0.58,111.75,1956158,19.148905,15,32.6,0.014,0.443,0.01,12.59,0,stable,0.1008,980,False,0,0,0,Normal,neutral
user_028,2026-04-15,0.487,0.669,105.27,2285061,22.693726,14,38.08,0.037,0.458,0.026,5.48,0,improving,0.1431,743,False,0,0,0,Normal,neutral
user_028,2026-04-16,0.468,0.692,123.38,2386423,20.392033,18,39.77,-0.019,0.468,0.019,1.69,0,stable,0.1312,816,False,0,0,0,Normal,neutral
user_028,2026-04-17,0.487,0.543,109.89,1907261,16.934345,12,31.79,0.019,0.481,0.011,-7.98,0,stable,0.0983,992,False,0,0,0,Normal,neutral
user_028,2026-04-18,0.558,0.655,117.79,1465103,11.112153,11,24.42,0.071,0.504,0.047,-7.37,0,improving,0.128,832,False,0,0,0,Normal,light positive
user_028,2026-04-19,0.335,0.328,114.93,1690501,20.917242,8,28.18,-0.223,0.46,0.114,3.76,0,worsening,0.3517,60,True,1,1,1,Normal,neutral
user_028,2026-04-20,0.328,0.533,122.89,1027291,11.094377,8,17.12,-0.007,0.407,0.131,-11.06,0,stable,0.0371,1210,True,1,2,2,Normal,neutral
user_028,2026-04-21,0.404,0.647,120.71,1624519,15.64988,12,27.08,0.076,0.356,0.042,9.96,1,improving,0.1599,641,False,0,0,0,Normal,neutral
user_028,2026-04-22,0.457,0.583,134.36,2500717,24.360262,18,41.68,0.053,0.396,0.065,14.6,1,improving,0.1821,536,False,0,0,0,Normal,neutral
user_028,2026-04-23,0.522,0.463,115.14,1762511,15.307899,13,29.38,0.065,0.461,0.059,-12.3,0,improving,0.141,760,False,0,0,0,Normal,light positive
user_028,2026-04-24,0.567,0.633,117.36,2457256,18.447945,17,40.95,0.045,0.515,0.055,11.57,0,improving,0.1463,720,False,0,0,0,Normal,light positive
user_028,2026-04-25,0.46,0.519,105.8,1346915,12.065642,9,22.45,-0.107,0.516,0.054,-18.5,0,worsening,0.1735,576,False,0,0,0,Normal,neutral
user_028,2026-04-26,0.325,0.558,115.2,1367946,15.001766,9,22.8,-0.135,0.451,0.121,0.35,0,worsening,0.2201,365,True,1,1,1,Normal,neutral
user_028,2026-04-27,0.38,0.52,115.73,2117878,21.907227,17,35.3,0.055,0.388,0.068,12.5,1,improving,0.1732,577,True,1,2,2,Normal,neutral
user_028,2026-04-28,0.296,0.564,132.88,889370,10.45353,9,14.82,-0.084,0.334,0.043,-20.48,1,worsening,0.1206,868,True,1,3,3,Prolonged Low Mood,reflective
user_028,2026-04-29,0.452,0.513,123.42,873719,8.941847,8,14.56,0.156,0.376,0.078,-0.26,1,improving,0.2031,430,False,0,0,0,Normal,neutral
user_028,2026-04-30,0.438,0.603,117.37,1710527,18.060095,12,28.51,-0.014,0.395,0.086,13.95,1,stable,0.0863,1047,False,0,0,0,Normal,neutral
user_028,2026-05-01,0.473,0.51,112.4,2401538,21.721693,18,40.03,0.035,0.454,0.018,11.52,0,improving,0.1506,697,False,0,0,0,Normal,neutral
user_028,2026-05-02,0.498,0.538,113.35,2301952,20.283546,15,38.37,0.025,0.47,0.03,-1.66,0,improving,0.1274,835,False,0,0,0,Normal,neutral
user_028,2026-05-03,0.628,0.659,124.36,1196073,6.510339,9,19.93,0.13,0.533,0.083,-18.44,0,improving,0.1814,539,False,0,0,0,Normal,light positive
user_029,2026-04-13,0.501,0.585,109.49,2871422,23.169935,17,47.86,0.0,0.501,0.0,0.0,0,stable,0.13,823,False,0,0,0,Normal,light positive
user_029,2026-04-14,0.386,0.554,115.64,2552641,26.43274,17,42.54,-0.115,0.443,0.081,-5.32,0,worsening,0.2767,177,True,1,1,1,Normal,neutral
user_029,2026-04-15,0.529,0.619,128.49,2086517,15.590017,16,34.78,0.143,0.472,0.076,-7.76,0,improving,0.253,240,False,0,0,0,Normal,light positive
user_029,2026-04-16,0.408,0.619,115.49,2750723,26.56211,17,45.85,-0.121,0.441,0.077,11.07,0,worsening,0.293,147,False,0,0,0,Normal,neutral
user_029,2026-04-17,0.478,0.633,109.21,1443038,12.579514,10,24.05,0.07,0.472,0.061,-21.8,0,improving,0.133,807,False,0,0,0,Normal,neutral
user_029,2026-04-18,0.409,0.554,114.31,2699018,27.019123,18,44.98,-0.069,0.432,0.04,20.93,0,worsening,0.2258,340,False,0,0,0,Normal,neutral
user_029,2026-04-19,0.458,0.36,123.42,1414148,14.155952,11,23.57,0.049,0.448,0.036,-21.41,0,improving,0.1074,952,False,0,0,0,Normal,neutral
user_029,2026-04-20,0.265,0.582,112.93,1924972,24.582823,16,32.08,-0.193,0.377,0.1,8.51,0,worsening,0.344,67,True,1,1,1,Normal,reflective
user_029,2026-04-21,0.512,0.629,120.11,1398433,10.565414,14,23.31,0.247,0.412,0.13,-8.77,0,improving,0.3426,69,False,0,0,0,Normal,light positive
user_029,2026-04-22,0.428,0.6,126.16,2393596,23.092747,16,39.89,-0.084,0.402,0.126,16.58,0,worsening,0.2189,370,False,0,0,0,Normal,neutral
user_029,2026-04-23,0.42,0.625,120.69,2098840,20.208044,14,34.98,-0.008,0.453,0.051,-4.91,0,stable,0.1079,949,False,0,0,0,Normal,neutral
user_029,2026-04-24,0.424,0.633,111.14,2005944,20.830894,15,33.43,0.004,0.424,0.004,-1.55,0,stable,0.096,999,False,0,0,0,Normal,neutral
user_029,2026-04-25,0.452,0.614,115.14,2053432,21.68327,14,34.22,0.028,0.432,0.017,0.79,0,improving,0.1238,853,False,0,0,0,Normal,neutral
user_029,2026-04-26,0.417,0.537,105.97,2333572,24.062887,16,38.89,-0.035,0.431,0.019,4.67,0,worsening,0.1574,656,False,0,0,0,Normal,neutral
user_029,2026-04-27,0.419,0.508,113.46,1804922,17.072237,16,30.08,0.002,0.429,0.02,-8.81,0,stable,0.0805,1074,False,0,0,0,Normal,neutral
user_029,2026-04-28,0.566,0.654,124.21,1198703,8.893731,9,19.98,0.147,0.467,0.085,-10.1,0,improving,0.2061,421,False,0,0,0,Normal,light positive
user_029,2026-04-29,0.357,0.604,115.98,2309344,26.14693,17,38.49,-0.209,0.447,0.107,18.51,0,worsening,0.379,38,True,1,1,1,Normal,neutral
user_029,2026-04-30,0.415,0.623,110.31,1781958,17.823418,13,29.7,0.058,0.446,0.108,-8.79,0,improving,0.1476,712,False,0,0,0,Normal,neutral
user_029,2026-05-01,0.34,0.573,110.69,1737216,18.803415,11,28.95,-0.075,0.371,0.039,-0.75,1,worsening,0.1747,569,True,1,1,1,Normal,neutral
user_029,2026-05-02,0.436,0.503,112.63,2199739,23.353878,13,36.66,0.096,0.397,0.05,7.71,1,improving,0.2189,370,False,0,0,0,Normal,neutral
user_029,2026-05-03,0.439,0.697,114.92,2745812,24.743105,18,45.76,0.003,0.405,0.056,9.1,0,stable,0.1415,756,False,0,0,0,Normal,neutral
user_030,2026-04-13,0.3,0.596,120.98,1985565,23.670652,17,33.09,0.0,0.3,0.0,0.0,1,stable,0.109,944,True,1,1,1,Normal,neutral
user_030,2026-04-14,0.458,0.579,120.01,2289868,19.901495,17,38.16,0.158,0.379,0.112,5.07,0,improving,0.2961,141,False,0,0,0,Normal,neutral
user_030,2026-04-15,0.504,0.7,123.08,1831392,15.139006,13,30.52,0.046,0.421,0.107,-7.64,0,improving,0.1242,851,False,0,0,0,Normal,light positive
user_030,2026-04-16,0.432,0.573,122.12,2189533,20.993443,16,36.49,-0.072,0.465,0.036,5.97,0,worsening,0.1898,498,False,0,0,0,Normal,neutral
user_030,2026-04-17,0.372,0.583,111.69,2183518,26.513578,12,36.39,-0.06,0.436,0.066,-0.1,0,worsening,0.1855,519,True,1,1,1,Normal,neutral
user_030,2026-04-18,0.488,0.679,123.17,1985833,18.668905,15,33.1,0.116,0.431,0.058,-3.29,0,improving,0.2209,362,False,0,0,0,Normal,neutral
user_030,2026-04-19,0.456,0.548,116.23,1934467,18.896526,15,32.24,-0.032,0.439,0.06,-0.86,0,worsening,0.1204,869,False,0,0,0,Normal,neutral
user_030,2026-04-20,0.467,0.633,120.06,1399046,12.6753,10,23.32,0.011,0.47,0.016,-8.92,0,stable,0.0595,1152,False,0,0,0,Normal,neutral
user_030,2026-04-21,0.482,0.577,105.89,1210379,11.8741455,10,20.17,0.015,0.468,0.013,-3.15,0,stable,0.0515,1180,False,0,0,0,Normal,neutral
user_030,2026-04-22,0.29,0.595,101.37,1251882,14.637815,8,20.86,-0.192,0.413,0.107,0.69,0,worsening,0.2826,165,True,1,1,1,Normal,reflective
user_030,2026-04-23,0.509,0.544,127.66,1318269,13.343919,9,21.97,0.219,0.427,0.119,1.11,0,improving,0.3042,125,False,0,0,0,Normal,light positive
user_030,2026-04-24,0.469,0.565,115.68,1430311,13.273384,12,23.84,-0.04,0.423,0.117,1.87,0,worsening,0.0965,996,False,0,0,0,Normal,neutral
user_030,2026-04-25,0.412,0.628,108.53,1573794,15.814945,13,26.23,-0.057,0.463,0.049,2.39,0,worsening,0.1323,811,False,0,0,0,Normal,neutral
user_030,2026-04-26,0.434,0.46,105.62,1132891,10.037145,9,18.88,0.022,0.438,0.029,-7.35,0,improving,0.0579,1158,False,0,0,0,Normal,neutral
user_030,2026-04-27,0.503,0.55,115.08,1889757,16.360048,12,31.5,0.069,0.45,0.047,12.62,0,improving,0.1558,667,False,0,0,0,Normal,light positive
user_030,2026-04-28,0.398,0.576,125.84,2027204,19.098919,14,33.79,-0.105,0.445,0.053,2.29,0,worsening,0.2245,348,True,1,1,1,Normal,neutral
user_030,2026-04-29,0.405,0.547,117.83,1630852,15.408479,10,27.18,0.007,0.435,0.059,-6.61,0,stable,0.0763,1096,False,0,0,0,Normal,neutral
user_030,2026-04-30,0.291,0.543,115.44,1739815,20.22394,11,29.0,-0.114,0.365,0.064,1.82,1,worsening,0.2286,329,True,1,1,1,Normal,reflective
user_030,2026-05-01,0.337,0.442,110.06,1731933,21.42138,12,28.87,0.046,0.344,0.057,-0.13,1,improving,0.1394,771,True,1,2,2,Normal,neutral
user_030,2026-05-02,0.488,0.572,115.52,2174856,21.41369,13,36.25,0.151,0.372,0.103,7.38,0,improving,0.2749,184,False,0,0,0,Normal,neutral
user_030,2026-05-03,0.469,0.582,123.71,2170775,19.976826,12,36.18,-0.019,0.431,0.082,-0.07,0,stable,0.1175,889,False,0,0,0,Normal,neutral
user_031,2026-04-13,0.426,0.607,130.44,2253040,21.564539,16,37.55,0.0,0.426,0.0,0.0,0,stable,0.1076,951,False,0,0,0,Normal,neutral
user_031,2026-04-14,0.458,0.683,117.71,1592521,15.286257,11,26.54,0.032,0.442,0.023,-11.01,0,improving,0.0982,993,False,0,0,0,Normal,neutral
user_031,2026-04-15,0.467,0.705,116.84,1296305,11.810118,12,21.61,0.009,0.45,0.022,-4.93,0,stable,0.0506,1181,False,0,0,0,Normal,neutral
user_031,2026-04-16,0.491,0.651,120.71,1512688,12.304926,12,25.21,0.024,0.472,0.017,3.6,0,improving,0.08,1077,False,0,0,0,Normal,neutral
user_031,2026-04-17,0.392,0.657,137.87,970792,9.473625,10,16.18,-0.099,0.45,0.052,-9.03,0,worsening,0.1422,750,True,1,1,1,Normal,neutral
user_031,2026-04-18,0.572,0.571,130.94,1856978,14.573272,15,30.95,0.18,0.485,0.09,14.77,0,improving,0.2791,172,False,0,0,0,Normal,light positive
user_031,2026-04-19,0.372,0.602,113.35,1825949,20.6624,10,30.43,-0.2,0.445,0.11,-0.52,0,worsening,0.3293,84,True,1,1,1,Normal,neutral
user_031,2026-04-20,0.447,0.572,109.5,1392439,13.878879,11,23.21,0.075,0.464,0.101,-7.22,0,improving,0.1386,775,False,0,0,0,Normal,neutral
user_031,2026-04-21,0.477,0.675,129.42,2376058,20.891861,16,39.6,0.03,0.432,0.054,16.39,0,improving,0.1421,751,False,0,0,0,Normal,neutral
user_031,2026-04-22,0.445,0.604,117.53,2724732,24.76929,18,45.41,-0.032,0.456,0.018,5.81,0,worsening,0.1739,574,False,0,0,0,Normal,neutral
user_031,2026-04-23,0.471,0.466,114.89,1740627,17.0757,15,29.01,0.026,0.464,0.017,-16.4,0,improving,0.0987,990,False,0,0,0,Normal,neutral
user_031,2026-04-24,0.49,0.572,124.24,2807108,25.735989,18,46.79,0.019,0.469,0.023,17.78,0,stable,0.1521,688,False,0,0,0,Normal,neutral
user_031,2026-04-25,0.452,0.552,115.5,2240085,20.982836,17,37.33,-0.038,0.471,0.019,-9.46,0,worsening,0.1481,710,False,0,0,0,Normal,neutral
user_031,2026-04-26,0.325,0.485,111.15,2116342,23.230997,13,35.27,-0.127,0.422,0.086,-2.06,0,worsening,0.2701,193,True,1,1,1,Normal,neutral
user_031,2026-04-27,0.316,0.634,113.45,2324199,28.194172,16,38.74,-0.009,0.364,0.076,3.47,1,stable,0.1449,730,True,1,2,2,Normal,neutral
user_031,2026-04-28,0.477,0.623,116.91,1459022,12.165298,11,24.32,0.161,0.373,0.09,-14.42,1,improving,0.2448,269,False,0,0,0,Normal,neutral
user_031,2026-04-29,0.454,0.667,128.12,1701954,17.106232,13,28.37,-0.023,0.416,0.087,4.05,0,worsening,0.0947,1005,False,0,0,0,Normal,neutral
user_031,2026-04-30,0.33,0.446,127.65,1820211,20.721016,13,30.34,-0.124,0.42,0.079,1.97,0,worsening,0.2421,278,True,1,1,1,Normal,neutral
user_031,2026-05-01,0.462,0.618,116.89,2375661,21.671028,18,39.59,0.132,0.415,0.074,9.25,0,improving,0.2692,196,False,0,0,0,Normal,neutral
user_031,2026-05-02,0.492,0.582,117.93,2664113,22.830254,17,44.4,0.03,0.428,0.086,4.81,0,improving,0.1564,662,False,0,0,0,Normal,neutral
user_031,2026-05-03,0.407,0.502,108.05,1668428,16.319069,13,27.81,-0.085,0.454,0.043,-16.59,0,worsening,0.1736,575,False,0,0,0,Normal,neutral
user_032,2026-04-13,0.571,0.629,119.91,1893502,13.866239,15,31.56,0.0,0.571,0.0,0.0,0,stable,0.0622,1145,False,0,0,0,Normal,light positive
user_032,2026-04-14,0.432,0.601,114.39,1556915,14.790947,10,25.95,-0.139,0.501,0.098,-5.61,0,worsening,0.2288,328,False,0,0,0,Normal,neutral
user_032,2026-04-15,0.35,0.606,122.78,1991551,20.819345,16,33.19,-0.082,0.451,0.112,7.24,0,worsening,0.2015,439,True,1,1,1,Normal,neutral
user_032,2026-04-16,0.407,0.62,123.25,1749908,18.804113,14,29.17,0.057,0.396,0.042,-4.02,1,improving,0.1452,728,False,0,0,0,Normal,neutral
user_032,2026-04-17,0.473,0.57,133.45,2097811,20.739498,13,34.96,0.066,0.41,0.062,5.79,0,improving,0.1694,591,False,0,0,0,Normal,neutral
user_032,2026-04-18,0.473,0.478,111.44,1865498,17.058128,16,31.09,0.0,0.451,0.038,-3.87,0,stable,0.0746,1102,False,0,0,0,Normal,neutral
user_032,2026-04-19,0.414,0.605,128.42,2246151,23.219345,14,37.44,-0.059,0.453,0.034,6.35,0,worsening,0.1811,541,False,0,0,0,Normal,neutral
user_032,2026-04-20,0.463,0.467,117.93,1065246,9.735028,8,17.75,0.049,0.45,0.032,-19.69,0,improving,0.0848,1057,False,0,0,0,Normal,neutral
user_032,2026-04-21,0.369,0.502,128.87,1473824,15.215654,11,24.56,-0.094,0.415,0.047,6.81,0,worsening,0.1745,570,True,1,1,1,Normal,neutral
user_032,2026-04-22,0.385,0.686,125.23,1214310,12.1731205,9,20.24,0.016,0.406,0.05,-4.32,0,stable,0.0592,1155,True,1,2,2,Normal,neutral
user_032,2026-04-23,0.461,0.667,118.11,1946225,18.18131,16,32.44,0.076,0.405,0.049,12.2,0,improving,0.1739,574,False,0,0,0,Normal,neutral
user_032,2026-04-24,0.644,0.56,142.26,1010075,6.5875688,8,16.83,0.183,0.497,0.133,-15.61,0,improving,0.237,294,False,0,0,0,Normal,light positive
user_032,2026-04-25,0.393,0.536,113.82,1416320,13.454901,10,23.61,-0.251,0.499,0.13,6.78,0,worsening,0.3591,53,True,1,1,1,Normal,neutral
user_032,2026-04-26,0.537,0.645,121.59,2218811,17.417768,14,36.98,0.144,0.525,0.126,13.37,0,improving,0.2601,216,False,0,0,0,Normal,light positive
user_032,2026-04-27,0.49,0.648,121.43,2024598,17.391724,15,33.74,-0.047,0.473,0.073,-3.24,0,worsening,0.139,773,False,0,0,0,Normal,neutral
user_032,2026-04-28,0.384,0.482,124.34,1535734,15.473245,13,25.6,-0.106,0.47,0.078,-8.14,0,worsening,0.1922,484,True,1,1,1,Normal,neutral
user_032,2026-04-29,0.467,0.541,120.91,2226719,20.811316,17,37.11,0.083,0.447,0.056,11.51,0,improving,0.1992,449,False,0,0,0,Normal,neutral
user_032,2026-04-30,0.414,0.504,110.44,3037360,32.097687,18,50.62,-0.053,0.422,0.042,13.51,0,worsening,0.2286,329,False,0,0,0,Normal,neutral
user_032,2026-05-01,0.432,0.529,112.77,1224663,11.09328,9,20.41,0.018,0.438,0.027,-30.21,0,stable,0.0593,1154,False,0,0,0,Normal,neutral
user_032,2026-05-02,0.466,0.593,122.94,2488951,24.005917,18,41.48,0.034,0.437,0.026,21.07,0,improving,0.1563,663,False,0,0,0,Normal,neutral
user_032,2026-05-03,0.387,0.517,108.04,2060621,22.34596,14,34.34,-0.079,0.428,0.04,-7.14,0,worsening,0.197,460,True,1,1,1,Normal,neutral
user_033,2026-04-13,0.356,0.49,112.99,2410731,27.946806,14,40.18,0.0,0.356,0.0,0.0,1,stable,0.1327,809,True,1,1,1,Normal,neutral
user_033,2026-04-14,0.517,0.47,108.3,1164965,8.955624,9,19.42,0.161,0.437,0.114,-20.76,0,improving,0.2243,349,False,0,0,0,Normal,light positive
user_033,2026-04-15,0.494,0.491,122.66,1626782,14.034761,14,27.11,-0.023,0.456,0.087,7.69,0,worsening,0.0853,1053,False,0,0,0,Normal,neutral
user_033,2026-04-16,0.4,0.609,130.1,2192947,21.83415,15,36.55,-0.094,0.47,0.062,9.44,0,worsening,0.2225,356,False,0,0,0,Normal,neutral
user_033,2026-04-17,0.346,0.473,104.95,2186308,23.75175,14,36.44,-0.054,0.413,0.075,-0.11,0,worsening,0.1831,530,True,1,1,1,Normal,neutral
user_033,2026-04-18,0.471,0.731,121.58,1184709,10.326572,8,19.75,0.125,0.406,0.063,-16.69,0,improving,0.1844,524,False,0,0,0,Normal,neutral
user_033,2026-04-19,0.414,0.633,112.01,1967303,20.602581,13,32.79,-0.057,0.41,0.063,13.04,0,worsening,0.1594,645,False,0,0,0,Normal,neutral
user_033,2026-04-20,0.412,0.51,114.84,2714375,27.729137,18,45.24,-0.002,0.432,0.034,12.45,0,stable,0.1447,731,False,0,0,0,Normal,neutral
user_033,2026-04-21,0.479,0.562,130.73,1637266,15.009195,15,27.29,0.067,0.435,0.038,-17.95,0,improving,0.1412,758,False,0,0,0,Normal,neutral
user_033,2026-04-22,0.335,0.477,119.72,1456388,15.836949,9,24.27,-0.144,0.409,0.072,-3.02,0,worsening,0.2372,293,True,1,1,1,Normal,neutral
user_033,2026-04-23,0.318,0.532,117.86,3472716,41.05123,18,57.88,-0.017,0.377,0.088,33.61,1,stable,0.2468,262,True,1,2,2,Normal,neutral
user_033,2026-04-24,0.418,0.645,118.48,2422399,22.191313,18,40.37,0.1,0.357,0.054,-17.51,1,improving,0.2424,277,False,0,0,0,Normal,neutral
user_033,2026-04-25,0.419,0.52,134.79,1220631,11.747227,9,20.34,0.001,0.385,0.058,-20.03,1,stable,0.0392,1207,False,0,0,0,Normal,neutral
user_033,2026-04-26,0.43,0.453,126.41,2092953,19.027231,16,34.88,0.011,0.422,0.007,14.54,0,stable,0.1094,940,False,0,0,0,Normal,neutral
user_033,2026-04-27,0.388,0.565,117.32,1597636,15.790815,12,26.63,-0.042,0.412,0.022,-8.25,0,worsening,0.1184,882,True,1,1,1,Normal,neutral
user_033,2026-04-28,0.52,0.487,116.12,1773864,14.443715,14,29.56,0.132,0.446,0.067,2.93,0,improving,0.2233,352,False,0,0,0,Normal,light positive
user_033,2026-04-29,0.461,0.544,130.96,1936933,17.973198,12,32.28,-0.059,0.456,0.066,2.72,0,worsening,0.1526,686,False,0,0,0,Normal,neutral
user_033,2026-04-30,0.622,0.513,110.67,2263616,16.457626,16,37.73,0.161,0.534,0.081,5.45,0,improving,0.2672,200,False,0,0,0,Normal,light positive
user_033,2026-05-01,0.559,0.549,114.8,2442186,22.646578,18,40.7,-0.063,0.547,0.081,2.97,0,worsening,0.1691,593,False,0,0,0,Normal,light positive
user_033,2026-05-02,0.462,0.651,117.08,2336782,20.119589,16,38.95,-0.097,0.548,0.081,-1.75,0,worsening,0.2242,350,False,0,0,0,Normal,neutral
user_033,2026-05-03,0.489,0.654,120.46,2434369,21.287426,18,40.57,0.027,0.503,0.05,1.62,0,improving,0.1396,770,False,0,0,0,Normal,neutral
user_034,2026-04-13,0.431,0.555,112.75,2165492,20.643843,18,36.09,0.0,0.431,0.0,0.0,0,stable,0.1007,981,False,0,0,0,Normal,neutral
user_034,2026-04-14,0.389,0.454,126.31,1015028,10.270496,8,16.92,-0.042,0.41,0.03,-19.17,0,worsening,0.0762,1097,True,1,1,1,Normal,neutral
user_034,2026-04-15,0.35,0.502,114.24,1329539,14.091488,10,22.16,-0.039,0.39,0.041,5.24,1,worsening,0.0983,992,True,1,2,2,Normal,neutral
user_034,2026-04-16,0.45,0.523,108.46,1274359,11.75401,15,21.24,0.1,0.396,0.05,-0.92,1,improving,0.1611,635,False,0,0,0,Normal,neutral
user_034,2026-04-17,0.372,0.648,121.24,1935995,19.763142,14,32.27,-0.078,0.391,0.053,11.03,1,worsening,0.1891,503,True,1,1,1,Normal,neutral
user_034,2026-04-18,0.481,0.564,109.55,1410251,12.892123,8,23.5,0.109,0.434,0.056,-8.77,0,improving,0.1781,555,False,0,0,0,Normal,neutral
user_034,2026-04-19,0.429,0.616,131.64,941456,8.529811,9,15.69,-0.052,0.427,0.055,-7.81,0,worsening,0.0817,1072,False,0,0,0,Normal,neutral
user_034,2026-04-20,0.449,0.568,106.53,2029569,18.598886,13,33.83,0.02,0.453,0.026,18.14,0,stable,0.1131,918,False,0,0,0,Normal,neutral
user_034,2026-04-21,0.573,0.631,107.51,1613595,11.258858,14,26.89,0.124,0.484,0.078,-6.94,0,improving,0.1986,452,False,0,0,0,Normal,light positive
user_034,2026-04-22,0.387,0.623,113.74,1596233,15.377972,9,26.6,-0.186,0.47,0.095,-0.29,0,worsening,0.2935,146,True,1,1,1,Normal,neutral
user_034,2026-04-23,0.531,0.704,101.87,3778987,21.064205,9,62.98,0.144,0.497,0.098,36.38,0,improving,0.3477,62,False,0,0,0,Normal,light positive
user_034,2026-04-24,0.348,0.377,113.01,1302001,14.945608,9,21.7,-0.183,0.422,0.096,-41.28,0,worsening,0.2715,190,True,1,1,1,Normal,neutral
user_034,2026-04-25,0.426,0.57,122.53,1888379,16.982384,14,31.47,0.078,0.435,0.092,9.77,0,improving,0.1777,557,False,0,0,0,Normal,neutral
user_034,2026-04-26,0.416,0.589,118.63,1247673,13.14323,8,20.79,-0.01,0.397,0.042,-10.68,1,stable,0.0522,1178,False,0,0,0,Normal,neutral
user_034,2026-04-27,0.394,0.519,114.69,2239818,25.901829,14,37.33,-0.022,0.412,0.016,16.54,0,worsening,0.1394,771,True,1,1,1,Normal,neutral
user_034,2026-04-28,0.415,0.671,118.55,1921510,19.171362,13,32.03,0.021,0.408,0.012,-5.3,0,improving,0.1123,922,False,0,0,0,Normal,neutral
user_034,2026-04-29,0.325,0.534,121.37,1796912,20.034582,13,29.95,-0.09,0.378,0.047,-2.08,1,worsening,0.1996,446,True,1,1,1,Normal,neutral
user_034,2026-04-30,0.357,0.549,127.27,2002260,23.603703,15,33.37,0.032,0.366,0.046,3.42,1,improving,0.1404,764,True,1,2,2,Normal,neutral
user_034,2026-05-01,0.459,0.634,118.12,1736206,15.898341,13,28.94,0.102,0.38,0.07,-4.43,1,improving,0.1924,483,False,0,0,0,Normal,neutral
user_034,2026-05-02,0.404,0.62,112.65,2663973,29.115936,16,44.4,-0.055,0.407,0.051,15.46,0,worsening,0.2076,414,False,0,0,0,Normal,neutral
user_034,2026-05-03,0.481,0.535,131.12,1850444,14.690727,16,30.84,0.077,0.448,0.04,-13.56,0,improving,0.1662,609,False,0,0,0,Normal,neutral
user_035,2026-04-13,0.405,0.465,124.33,2001729,21.632784,18,33.36,0.0,0.405,0.0,0.0,0,stable,0.0938,1011,False,0,0,0,Normal,neutral
user_035,2026-04-14,0.409,0.618,127.08,2351944,24.06008,16,39.2,0.004,0.407,0.003,5.84,0,stable,0.1225,860,False,0,0,0,Normal,neutral
user_035,2026-04-15,0.447,0.63,113.96,1685805,15.490017,13,28.1,0.038,0.42,0.023,-11.1,0,improving,0.1128,919,False,0,0,0,Normal,neutral
user_035,2026-04-16,0.324,0.581,119.35,1708503,19.651356,13,28.48,-0.123,0.393,0.063,0.38,1,worsening,0.2328,310,True,1,1,1,Normal,neutral
user_035,2026-04-17,0.306,0.606,115.62,1558178,19.78433,10,25.97,-0.018,0.359,0.077,-2.51,1,stable,0.095,1002,True,1,2,2,Normal,neutral
user_035,2026-04-18,0.48,0.605,115.15,2346506,20.136305,14,39.11,0.174,0.37,0.096,13.14,1,improving,0.3149,106,False,0,0,0,Normal,neutral
user_035,2026-04-19,0.381,0.58,121.96,1297018,14.006535,9,21.62,-0.099,0.389,0.087,-17.49,1,worsening,0.1665,607,True,1,1,1,Normal,neutral
user_035,2026-04-20,0.462,0.476,112.32,2813081,27.890484,18,46.88,0.081,0.441,0.053,25.26,0,improving,0.235,301,False,0,0,0,Normal,neutral
user_035,2026-04-21,0.507,0.575,123.07,2874201,25.167938,17,47.9,0.045,0.45,0.064,1.02,0,improving,0.1833,529,False,0,0,0,Normal,light positive
user_035,2026-04-22,0.381,0.529,113.65,1129844,12.354614,9,18.83,-0.126,0.45,0.064,-29.07,0,worsening,0.1871,515,True,1,1,1,Normal,neutral
user_035,2026-04-23,0.389,0.673,118.48,2495933,26.702723,16,41.6,0.008,0.426,0.071,22.77,0,stable,0.1418,754,True,1,2,2,Normal,neutral
user_035,2026-04-24,0.394,0.573,127.25,1214653,12.647385,9,20.24,0.005,0.388,0.007,-21.36,1,stable,0.0452,1198,True,1,3,3,Prolonged Low Mood,neutral
user_035,2026-04-25,0.375,0.562,117.41,2141636,24.044012,15,35.69,-0.019,0.386,0.01,15.45,1,stable,0.132,812,True,1,4,4,Prolonged Low Mood,neutral
user_035,2026-04-26,0.359,0.294,110.63,1014687,11.308043,8,16.91,-0.016,0.376,0.018,-18.78,1,stable,0.0457,1195,True,1,5,5,Prolonged Low Mood,neutral
user_035,2026-04-27,0.507,0.598,123.17,1864170,14.934404,13,31.07,0.148,0.414,0.081,14.16,0,improving,0.2498,249,False,0,0,0,Normal,light positive
user_035,2026-04-28,0.467,0.57,118.78,1796453,16.30512,15,29.94,-0.04,0.444,0.077,-1.13,0,worsening,0.1198,874,False,0,0,0,Normal,neutral
user_035,2026-04-29,0.378,0.526,104.5,2361671,24.35603,16,39.36,-0.089,0.451,0.066,9.42,0,worsening,0.2328,310,True,1,1,1,Normal,neutral
user_035,2026-04-30,0.479,0.564,113.36,2526245,15.938141,12,42.1,0.101,0.441,0.055,2.74,0,improving,0.2373,292,False,0,0,0,Normal,neutral
user_035,2026-05-01,0.398,0.577,114.84,2920110,31.979809,18,48.67,-0.081,0.418,0.053,6.57,0,worsening,0.2588,222,True,1,1,1,Normal,neutral
user_035,2026-05-02,0.436,0.571,118.62,2214023,21.23103,16,36.9,0.038,0.438,0.041,-11.77,0,improving,0.1493,705,False,0,0,0,Normal,neutral
user_035,2026-05-03,0.415,0.629,117.33,1424689,14.400419,10,23.74,-0.021,0.416,0.019,-13.16,0,worsening,0.0779,1086,False,0,0,0,Normal,neutral
user_036,2026-04-13,0.459,0.656,129.19,2605469,22.140755,15,43.42,0.0,0.459,0.0,0.0,0,stable,0.1239,852,False,0,0,0,Normal,neutral
user_036,2026-04-14,0.496,0.474,109.72,1917312,16.886765,16,31.96,0.037,0.477,0.026,-11.46,0,improving,0.1195,877,False,0,0,0,Normal,neutral
user_036,2026-04-15,0.465,0.623,116.65,1933380,16.095451,11,32.22,-0.031,0.473,0.02,0.26,0,worsening,0.1177,887,False,0,0,0,Normal,neutral
user_036,2026-04-16,0.424,0.697,124.05,2783299,25.815807,16,46.39,-0.041,0.462,0.036,14.17,0,worsening,0.1939,476,False,0,0,0,Normal,neutral
user_036,2026-04-17,0.388,0.511,115.45,2659149,25.924858,17,44.32,-0.036,0.426,0.039,-2.07,0,worsening,0.1879,511,True,1,1,1,Normal,neutral
user_036,2026-04-18,0.527,0.601,119.61,2332995,19.69784,16,38.88,0.139,0.446,0.072,-5.44,0,improving,0.2622,210,False,0,0,0,Normal,light positive
user_036,2026-04-19,0.435,0.469,124.2,2368966,23.303268,16,39.48,-0.092,0.45,0.071,0.6,0,worsening,0.2255,342,False,0,0,0,Normal,neutral
user_036,2026-04-20,0.374,0.698,133.64,2181525,21.969076,14,36.36,-0.061,0.445,0.077,-3.12,0,worsening,0.1862,516,True,1,1,1,Normal,neutral
user_036,2026-04-21,0.312,0.595,129.57,1747115,20.202696,10,29.12,-0.062,0.374,0.062,-7.24,1,worsening,0.1632,624,True,1,2,2,Normal,neutral
user_036,2026-04-22,0.422,0.558,118.98,2027518,18.3942,16,33.79,0.11,0.369,0.055,4.67,1,improving,0.2267,336,False,0,0,0,Normal,neutral
user_036,2026-04-23,0.42,0.658,108.18,1721099,17.743814,12,28.68,-0.002,0.385,0.063,-5.11,1,stable,0.0746,1102,False,0,0,0,Normal,neutral
user_036,2026-04-24,0.49,0.591,131.13,1734671,12.408568,13,28.91,0.07,0.444,0.04,0.23,0,improving,0.1495,704,False,0,0,0,Normal,neutral
user_036,2026-04-25,0.339,0.557,105.09,1353844,13.69678,11,22.56,-0.151,0.416,0.076,-6.35,0,worsening,0.2373,292,True,1,1,1,Normal,neutral
user_036,2026-04-26,0.582,0.601,111.0,1591983,11.85335,11,26.53,0.243,0.47,0.123,3.97,0,improving,0.3413,73,False,0,0,0,Normal,light positive
user_036,2026-04-27,0.482,0.541,125.05,1103242,9.759201,9,18.39,-0.1,0.468,0.122,-8.14,0,worsening,0.1483,708,False,0,0,0,Normal,neutral
user_036,2026-04-28,0.52,0.646,115.47,2780061,21.62725,18,46.33,0.038,0.528,0.05,27.94,0,improving,0.1661,610,False,0,0,0,Normal,light positive
user_036,2026-04-29,0.472,0.569,112.19,1094570,9.799946,9,18.24,-0.048,0.491,0.025,-28.09,0,worsening,0.085,1056,False,0,0,0,Normal,neutral
user_036,2026-04-30,0.314,0.506,114.93,727080,8.190838,8,12.12,-0.158,0.435,0.108,-6.12,0,worsening,0.197,460,True,1,1,1,Normal,neutral
user_036,2026-05-01,0.378,0.505,104.85,2441977,25.16352,18,40.7,0.064,0.388,0.079,28.58,1,improving,0.2083,409,True,1,2,2,Normal,neutral
user_036,2026-05-02,0.509,0.588,109.49,1641558,14.305319,14,27.36,0.131,0.4,0.099,-13.34,0,improving,0.2159,377,False,0,0,0,Normal,light positive
user_036,2026-05-03,0.58,0.615,111.25,1480317,11.8378525,12,24.67,0.071,0.489,0.102,-2.69,0,improving,0.1267,839,False,0,0,0,Normal,light positive
user_037,2026-04-13,0.37,0.509,117.99,2199325,24.261492,16,36.66,0.0,0.37,0.0,0.0,1,stable,0.1141,911,True,1,1,1,Normal,neutral
user_037,2026-04-14,0.636,0.652,121.38,1552975,8.9793415,12,25.88,0.266,0.503,0.188,-10.78,0,improving,0.3617,50,False,0,0,0,Normal,light positive
user_037,2026-04-15,0.384,0.547,125.4,1446535,16.065094,9,24.11,-0.252,0.463,0.15,-1.77,0,worsening,0.3633,48,True,1,1,1,Normal,neutral
user_037,2026-04-16,0.506,0.581,115.42,2382859,20.369614,16,39.71,0.122,0.509,0.126,15.6,0,improving,0.2486,252,False,0,0,0,Normal,light positive
user_037,2026-04-17,0.487,0.659,111.09,1170735,9.941077,9,19.51,-0.019,0.459,0.066,-20.2,0,stable,0.0536,1171,False,0,0,0,Normal,neutral
user_037,2026-04-18,0.439,0.504,121.19,2240984,19.74217,14,37.35,-0.048,0.477,0.035,17.84,0,worsening,0.1627,627,False,0,0,0,Normal,neutral
user_037,2026-04-19,0.332,0.524,122.88,2622761,29.707588,18,43.71,-0.107,0.419,0.079,6.36,0,worsening,0.2845,162,True,1,1,1,Normal,neutral
user_037,2026-04-20,0.568,0.57,105.28,2609259,20.4313,18,43.49,0.236,0.446,0.118,-0.22,0,improving,0.3863,33,False,0,0,0,Normal,light positive
user_037,2026-04-21,0.423,0.609,120.53,1646506,16.109251,11,27.44,-0.145,0.441,0.119,-16.05,0,worsening,0.2432,275,False,0,0,0,Normal,neutral
user_037,2026-04-22,0.503,0.566,111.6,2229461,16.70104,16,37.16,0.08,0.498,0.073,9.72,0,improving,0.1891,503,False,0,0,0,Normal,light positive
user_037,2026-04-23,0.58,0.636,115.1,2157710,15.004456,14,35.96,0.077,0.502,0.079,-1.2,0,improving,0.1676,600,False,0,0,0,Normal,light positive
user_037,2026-04-24,0.444,0.597,114.5,1627017,15.576906,13,27.12,-0.136,0.509,0.068,-8.84,0,worsening,0.2285,330,False,0,0,0,Normal,neutral
user_037,2026-04-25,0.518,0.703,108.13,1735388,13.546101,9,28.92,0.074,0.514,0.068,1.8,0,improving,0.1508,695,False,0,0,0,Normal,light positive
user_037,2026-04-26,0.555,0.66,119.52,1896793,14.483951,12,31.61,0.037,0.506,0.057,2.69,0,improving,0.1097,938,False,0,0,0,Normal,light positive
user_037,2026-04-27,0.479,0.584,112.75,1858475,17.310482,15,30.97,-0.076,0.517,0.038,-0.64,0,worsening,0.1658,613,False,0,0,0,Normal,neutral
user_037,2026-04-28,0.344,0.446,114.32,2172741,22.769526,18,36.21,-0.135,0.459,0.107,5.24,0,worsening,0.2809,170,True,1,1,1,Normal,neutral
user_037,2026-04-29,0.395,0.548,103.31,1240256,11.576331,8,20.67,0.051,0.406,0.068,-15.54,0,improving,0.103,970,True,1,2,2,Normal,neutral
user_037,2026-04-30,0.468,0.517,126.55,2049231,18.61233,15,34.15,0.073,0.402,0.062,13.48,0,improving,0.1757,565,False,0,0,0,Normal,neutral
user_037,2026-05-01,0.429,0.598,124.5,2264499,22.324766,17,37.74,-0.039,0.431,0.037,3.59,0,worsening,0.1552,671,False,0,0,0,Normal,neutral
user_037,2026-05-02,0.576,0.626,124.17,2773994,21.461622,18,46.23,0.147,0.491,0.076,8.49,0,improving,0.2844,163,False,0,0,0,Normal,light positive
user_037,2026-05-03,0.484,0.589,103.96,1470845,13.629295,12,24.51,-0.092,0.496,0.074,-21.72,0,worsening,0.1609,637,False,0,0,0,Normal,neutral
user_038,2026-04-13,0.468,0.554,137.24,1126958,10.191419,9,18.78,0.0,0.468,0.0,0.0,0,stable,0.0289,1220,False,0,0,0,Normal,neutral
user_038,2026-04-14,0.38,0.558,134.68,1309036,13.349052,10,21.82,-0.088,0.424,0.062,3.04,0,worsening,0.1541,677,True,1,1,1,Normal,neutral
user_038,2026-04-15,0.311,0.512,129.71,2250429,25.372648,17,37.51,-0.069,0.386,0.079,15.69,1,worsening,0.2129,388,True,1,2,2,Normal,neutral
user_038,2026-04-16,0.4,0.56,114.37,2447056,24.853481,17,40.78,0.089,0.364,0.047,3.27,1,improving,0.2345,303,False,0,0,0,Normal,neutral
user_038,2026-04-17,0.488,0.626,113.68,1888839,15.498574,15,31.48,0.088,0.4,0.089,-9.3,0,improving,0.181,542,False,0,0,0,Normal,neutral
user_038,2026-04-18,0.374,0.56,106.2,1365941,13.403148,9,22.77,-0.114,0.421,0.06,-8.71,0,worsening,0.1904,494,True,1,1,1,Normal,neutral
user_038,2026-04-19,0.405,0.568,122.46,1095640,9.94921,9,18.26,0.031,0.422,0.059,-4.51,0,improving,0.0678,1128,False,0,0,0,Normal,neutral
user_038,2026-04-20,0.486,0.618,116.6,1658686,13.179679,13,27.64,0.081,0.422,0.058,9.38,0,improving,0.1587,648,False,0,0,0,Normal,neutral
user_038,2026-04-21,0.441,0.54,100.51,2046188,19.34024,14,34.1,-0.045,0.444,0.041,6.46,0,worsening,0.1458,724,False,0,0,0,Normal,neutral
user_038,2026-04-22,0.541,0.512,118.86,808729,6.3204775,8,13.48,0.1,0.489,0.05,-20.62,0,improving,0.1293,826,False,0,0,0,Normal,light positive
user_038,2026-04-23,0.441,0.672,113.75,2704048,27.036797,15,45.07,-0.1,0.474,0.058,31.59,0,worsening,0.2562,230,False,0,0,0,Normal,neutral
user_038,2026-04-24,0.39,0.574,116.6,1679967,17.258438,13,28.0,-0.051,0.457,0.077,-17.07,0,worsening,0.135,797,True,1,1,1,Normal,neutral
user_038,2026-04-25,0.319,0.368,125.38,964347,11.0737295,8,16.07,-0.071,0.383,0.061,-11.93,1,worsening,0.1102,934,True,1,2,2,Normal,neutral
user_038,2026-04-26,0.531,0.472,118.27,1661450,13.897774,9,27.69,0.212,0.413,0.108,11.62,0,improving,0.313,112,False,0,0,0,Normal,light positive
user_038,2026-04-27,0.361,0.584,122.23,2089610,23.036968,12,34.83,-0.17,0.404,0.112,7.14,0,worsening,0.3142,109,True,1,1,1,Normal,neutral
user_038,2026-04-28,0.458,0.695,118.47,1828511,17.348953,15,30.48,0.097,0.45,0.085,-4.35,0,improving,0.1924,483,False,0,0,0,Normal,neutral
user_038,2026-04-29,0.37,0.545,114.66,2560235,26.905495,17,42.67,-0.088,0.396,0.054,12.19,1,worsening,0.248,256,True,1,1,1,Normal,neutral
user_038,2026-04-30,0.333,0.651,124.52,2143690,24.039515,12,35.73,-0.037,0.387,0.064,-6.94,1,worsening,0.1614,634,True,1,2,2,Normal,neutral
user_038,2026-05-01,0.467,0.537,118.78,1511071,13.041747,11,25.18,0.134,0.39,0.069,-10.55,1,improving,0.2161,376,False,0,0,0,Normal,neutral
user_038,2026-05-02,0.462,0.619,115.19,1914184,18.428717,18,31.9,-0.005,0.421,0.076,6.72,0,stable,0.0853,1053,False,0,0,0,Normal,neutral
user_038,2026-05-03,0.443,0.46,111.88,1568208,14.967457,13,26.14,-0.019,0.457,0.013,-5.76,0,stable,0.0824,1067,False,0,0,0,Normal,neutral
user_039,2026-04-13,0.596,0.652,136.03,1679952,12.1796465,11,28.0,0.0,0.596,0.0,0.0,0,stable,0.0483,1188,False,0,0,0,Normal,light positive
user_039,2026-04-14,0.436,0.579,139.91,1788061,17.137695,12,29.8,-0.16,0.516,0.113,1.8,0,worsening,0.2693,195,False,0,0,0,Normal,neutral
user_039,2026-04-15,0.403,0.508,124.88,991156,11.02159,8,16.52,-0.033,0.478,0.103,-13.28,0,worsening,0.063,1143,False,0,0,0,Normal,neutral
user_039,2026-04-16,0.539,0.547,135.76,1250111,10.421026,11,20.84,0.136,0.459,0.071,4.32,0,improving,0.1972,458,False,0,0,0,Normal,light positive
user_039,2026-04-17,0.463,0.562,120.22,1729062,16.603323,13,28.82,-0.076,0.468,0.068,7.98,0,worsening,0.1598,642,False,0,0,0,Normal,neutral
user_039,2026-04-18,0.512,0.493,99.53,2376773,18.62359,18,39.61,0.049,0.505,0.039,10.79,0,improving,0.1582,651,False,0,0,0,Normal,light positive
user_039,2026-04-19,0.391,0.489,107.97,2227060,22.43034,16,37.12,-0.121,0.455,0.061,-2.49,0,worsening,0.2595,219,True,1,1,1,Normal,neutral
user_039,2026-04-20,0.512,0.57,119.51,2295658,17.693426,16,38.26,0.121,0.472,0.07,1.14,0,improving,0.2411,281,False,0,0,0,Normal,light positive
user_039,2026-04-21,0.393,0.497,125.86,2162968,22.247442,13,36.05,-0.119,0.432,0.069,-2.21,0,worsening,0.2521,244,True,1,1,1,Normal,neutral
user_039,2026-04-22,0.315,0.456,114.64,1142679,12.145556,9,19.04,-0.078,0.407,0.099,-17.01,0,worsening,0.1333,806,True,1,2,2,Normal,neutral
user_039,2026-04-23,0.485,0.526,120.18,1790811,17.082148,12,29.85,0.17,0.398,0.085,10.81,1,improving,0.2752,183,False,0,0,0,Normal,neutral
user_039,2026-04-24,0.419,0.546,124.17,2245494,22.633923,18,37.42,-0.066,0.406,0.086,7.57,0,worsening,0.1886,507,False,0,0,0,Normal,neutral
user_039,2026-04-25,0.223,0.365,91.64,1212286,15.599139,8,20.2,-0.196,0.376,0.136,-17.22,0,worsening,0.2884,153,True,1,1,1,Normal,reflective
user_039,2026-04-26,0.356,0.454,110.01,2701044,30.058836,17,45.02,0.133,0.333,0.1,24.82,0,improving,0.3166,101,True,1,2,2,Normal,neutral
user_039,2026-04-27,0.435,0.692,126.08,2116292,21.016182,15,35.27,0.079,0.338,0.107,-9.75,0,improving,0.1929,479,False,0,0,0,Normal,neutral
user_039,2026-04-28,0.324,0.516,121.36,1414358,15.959185,11,23.57,-0.111,0.372,0.057,-11.7,1,worsening,0.1947,472,True,1,1,1,Normal,neutral
user_039,2026-04-29,0.366,0.514,108.27,2508382,27.774187,16,41.81,0.042,0.375,0.056,18.24,1,improving,0.1891,503,True,1,2,2,Normal,neutral
user_039,2026-04-30,0.437,0.577,108.53,2592424,23.64996,17,43.21,0.071,0.376,0.057,1.4,1,improving,0.2145,381,False,0,0,0,Normal,neutral
user_039,2026-05-01,0.411,0.705,126.73,1156135,11.531956,8,19.27,-0.026,0.405,0.036,-23.94,0,worsening,0.0656,1135,False,0,0,0,Normal,neutral
user_039,2026-05-02,0.337,0.618,112.93,1437484,15.628896,9,23.96,-0.074,0.395,0.052,4.69,1,worsening,0.1504,699,True,1,1,1,Normal,neutral
user_039,2026-05-03,0.398,0.514,121.48,2145944,22.35903,15,35.77,0.061,0.382,0.04,11.81,1,improving,0.1794,549,True,1,2,2,Normal,neutral
user_040,2026-04-13,0.356,0.514,107.48,3081553,35.36587,18,51.36,0.0,0.356,0.0,0.0,1,stable,0.1838,527,True,1,1,1,Normal,neutral
user_040,2026-04-14,0.357,0.47,120.16,1289167,14.5927725,8,21.49,0.001,0.356,0.001,-29.87,1,stable,0.0485,1187,True,1,2,2,Normal,neutral
user_040,2026-04-15,0.47,0.683,132.28,1802249,17.637663,15,30.04,0.113,0.394,0.066,8.55,1,improving,0.2086,407,False,0,0,0,Normal,neutral
user_040,2026-04-16,0.556,0.648,123.1,1155478,9.29454,9,19.26,0.086,0.461,0.1,-10.78,0,improving,0.1302,822,False,0,0,0,Normal,light positive
user_040,2026-04-17,0.331,0.413,101.15,1747937,18.93687,15,29.13,-0.225,0.452,0.114,9.87,0,worsening,0.3591,53,True,1,1,1,Normal,neutral
user_040,2026-04-18,0.494,0.629,136.31,1848328,15.489003,14,30.81,0.163,0.46,0.116,1.68,0,improving,0.2689,197,False,0,0,0,Normal,neutral
user_040,2026-04-19,0.514,0.436,116.78,1240197,11.707982,8,20.67,0.02,0.446,0.1,-10.14,0,stable,0.0572,1164,False,0,0,0,Normal,light positive
user_040,2026-04-20,0.534,0.635,128.88,2052663,15.739931,15,34.21,0.02,0.514,0.02,13.54,0,stable,0.1006,982,False,0,0,0,Normal,light positive
user_040,2026-04-21,0.381,0.553,124.26,2636500,29.393246,17,43.94,-0.153,0.476,0.083,9.73,0,worsening,0.3302,83,True,1,1,1,Normal,neutral
user_040,2026-04-22,0.398,0.523,109.72,2499565,23.832066,17,41.66,0.017,0.438,0.084,-2.28,0,stable,0.151,693,True,1,2,2,Normal,neutral
user_040,2026-04-23,0.552,0.416,125.78,971194,7.547583,8,16.19,0.154,0.444,0.094,-25.47,0,improving,0.2034,428,False,0,0,0,Normal,light positive
user_040,2026-04-24,0.359,0.589,129.95,1282190,13.828873,10,21.37,-0.193,0.436,0.102,5.18,0,worsening,0.2814,169,True,1,1,1,Normal,neutral
user_040,2026-04-25,0.382,0.648,118.81,2178789,24.159132,10,36.31,0.023,0.431,0.105,14.94,0,improving,0.1384,777,True,1,2,2,Normal,neutral
user_040,2026-04-26,0.394,0.635,130.81,1492628,15.553114,12,24.88,0.012,0.378,0.018,-11.43,1,stable,0.0737,1106,True,1,3,3,Prolonged Low Mood,neutral
user_040,2026-04-27,0.356,0.549,132.18,1225278,13.066242,9,20.42,-0.038,0.377,0.019,-4.46,1,worsening,0.0887,1035,True,1,4,4,Prolonged Low Mood,neutral
user_040,2026-04-28,0.365,0.551,131.74,1831404,19.623987,17,30.52,0.009,0.372,0.02,10.1,1,stable,0.0983,992,True,1,5,5,Prolonged Low Mood,neutral
user_040,2026-04-29,0.498,0.591,104.75,2354119,17.638668,16,39.24,0.133,0.406,0.08,8.72,0,improving,0.2619,211,False,0,0,0,Normal,neutral
user_040,2026-04-30,0.359,0.53,128.62,2178843,24.696114,16,36.31,-0.139,0.407,0.079,-2.93,0,worsening,0.2836,164,True,1,1,1,Normal,neutral
user_040,2026-05-01,0.415,0.518,100.82,1262404,12.527472,10,21.04,0.056,0.424,0.07,-15.27,0,improving,0.1092,942,False,0,0,0,Normal,neutral
user_040,2026-05-02,0.328,0.521,118.27,667908,7.528972,8,11.13,-0.087,0.367,0.044,-9.91,1,worsening,0.1058,958,True,1,1,1,Normal,neutral
user_040,2026-05-03,0.502,0.587,117.34,2427685,17.382103,18,40.46,0.174,0.415,0.087,29.33,0,improving,0.3153,104,False,0,0,0,Normal,light positive
user_041,2026-04-13,0.398,0.502,124.21,1195895,11.737066,11,19.93,0.0,0.398,0.0,0.0,1,stable,0.0376,1209,True,1,1,1,Normal,neutral
user_041,2026-04-14,0.334,0.675,108.94,2564106,31.008415,15,42.74,-0.064,0.366,0.045,22.81,1,worsening,0.2272,334,True,1,2,2,Normal,neutral
user_041,2026-04-15,0.413,0.574,115.49,2528001,26.911829,18,42.13,0.079,0.382,0.042,-0.61,1,improving,0.2252,344,False,0,0,0,Normal,neutral
user_041,2026-04-16,0.441,0.534,137.16,1192679,11.792864,8,19.88,0.028,0.396,0.055,-22.25,1,improving,0.0688,1122,False,0,0,0,Normal,neutral
user_041,2026-04-17,0.759,0.686,114.55,1099222,4.738716,8,18.32,0.318,0.538,0.192,-1.56,0,improving,0.3992,29,False,0,0,0,Normal,energetic
user_041,2026-04-18,0.555,0.78,135.85,1150501,9.342758,8,19.18,-0.204,0.585,0.161,0.86,0,worsening,0.2736,187,False,0,0,0,Normal,light positive
user_041,2026-04-19,0.557,0.383,112.53,1124216,8.707292,9,18.74,0.002,0.624,0.117,-0.44,0,stable,0.0263,1222,False,0,0,0,Normal,light positive
user_041,2026-04-20,0.459,0.574,113.73,1221330,11.856689,8,20.36,-0.098,0.524,0.056,1.62,0,worsening,0.1546,674,False,0,0,0,Normal,neutral
user_041,2026-04-21,0.407,0.644,131.63,2642902,25.9849,17,44.05,-0.052,0.474,0.076,23.69,0,worsening,0.2017,437,False,0,0,0,Normal,neutral
user_041,2026-04-22,0.44,0.625,117.65,2210778,21.710026,14,36.85,0.033,0.435,0.026,-7.2,0,improving,0.1423,749,False,0,0,0,Normal,neutral
user_041,2026-04-23,0.409,0.581,124.53,2197638,23.380808,18,36.63,-0.031,0.419,0.019,-0.22,0,worsening,0.1446,732,False,0,0,0,Normal,neutral
user_041,2026-04-24,0.43,0.533,112.23,2440414,21.670668,16,40.67,0.021,0.426,0.016,4.04,0,improving,0.145,729,False,0,0,0,Normal,neutral
user_041,2026-04-25,0.55,0.572,111.65,2318993,17.963839,18,38.65,0.12,0.463,0.076,-2.02,0,improving,0.2338,307,False,0,0,0,Normal,light positive
user_041,2026-04-26,0.566,0.692,121.15,2001007,14.4688635,10,33.35,0.016,0.515,0.074,-5.3,0,stable,0.0879,1038,False,0,0,0,Normal,light positive
user_041,2026-04-27,0.468,0.703,110.51,1349830,13.179309,11,22.5,-0.098,0.528,0.053,-10.85,0,worsening,0.1621,631,False,0,0,0,Normal,neutral
user_041,2026-04-28,0.511,0.635,118.27,2215555,18.783255,17,36.93,0.043,0.515,0.049,14.43,0,improving,0.1418,754,False,0,0,0,Normal,light positive
user_041,2026-04-29,0.361,0.496,128.32,1597209,17.455532,10,26.62,-0.15,0.447,0.077,-10.31,0,worsening,0.2527,241,True,1,1,1,Normal,neutral
user_041,2026-04-30,0.476,0.457,134.91,1510819,17.595518,8,25.18,0.115,0.449,0.078,-1.44,0,improving,0.1921,485,False,0,0,0,Normal,neutral
user_041,2026-05-01,0.434,0.662,125.85,1801530,16.593222,15,30.03,-0.042,0.424,0.058,4.85,0,worsening,0.127,838,False,0,0,0,Normal,neutral
user_041,2026-05-02,0.403,0.472,111.83,2609420,27.984304,16,43.49,-0.031,0.438,0.037,13.46,0,worsening,0.1747,569,False,0,0,0,Normal,neutral
user_041,2026-05-03,0.405,0.554,129.68,2227932,22.964344,18,37.13,0.002,0.414,0.017,-6.36,0,stable,0.1122,923,False,0,0,0,Normal,neutral
user_042,2026-04-13,0.335,0.566,104.23,2085205,21.896446,18,34.75,0.0,0.335,0.0,0.0,1,stable,0.1114,927,True,1,1,1,Normal,neutral
user_042,2026-04-14,0.346,0.509,127.45,1692286,19.06103,9,28.2,0.011,0.34,0.008,-6.55,1,stable,0.0926,1016,True,1,2,2,Normal,neutral
user_042,2026-04-15,0.418,0.497,126.34,2634197,24.747097,16,43.9,0.072,0.366,0.045,15.7,1,improving,0.2229,354,False,0,0,0,Normal,neutral
user_042,2026-04-16,0.369,0.646,126.68,2276389,22.077215,17,37.94,-0.049,0.378,0.037,-5.96,1,worsening,0.1796,548,True,1,1,1,Normal,neutral
user_042,2026-04-17,0.474,0.596,116.67,2622363,24.989542,15,43.71,0.105,0.42,0.053,5.77,0,improving,0.2493,250,False,0,0,0,Normal,neutral
user_042,2026-04-18,0.518,0.628,126.6,2450437,20.311132,17,40.84,0.044,0.454,0.077,-2.87,0,improving,0.1551,672,False,0,0,0,Normal,light positive
user_042,2026-04-19,0.347,0.636,109.98,2544240,27.371563,17,42.4,-0.171,0.446,0.089,1.56,0,worsening,0.3529,58,True,1,1,1,Normal,neutral
user_042,2026-04-20,0.559,0.76,127.48,1814804,14.73736,12,30.25,0.212,0.475,0.112,-12.15,0,improving,0.3177,98,False,0,0,0,Normal,light positive
user_042,2026-04-21,0.365,0.335,112.96,1221494,13.938427,8,20.36,-0.194,0.424,0.118,-9.89,0,worsening,0.2776,175,True,1,1,1,Normal,neutral
user_042,2026-04-22,0.577,0.667,131.61,1804076,15.166888,13,30.07,0.212,0.5,0.118,9.71,0,improving,0.3147,107,False,0,0,0,Normal,light positive
user_042,2026-04-23,0.375,0.533,101.42,1292019,13.434369,10,21.53,-0.202,0.439,0.12,-8.54,0,worsening,0.2918,150,True,1,1,1,Normal,neutral
user_042,2026-04-24,0.448,0.472,110.97,1241646,12.038576,9,20.69,0.073,0.467,0.102,-0.84,0,improving,0.1262,841,False,0,0,0,Normal,neutral
user_042,2026-04-25,0.537,0.565,108.25,875908,6.660079,9,14.6,0.089,0.453,0.081,-6.09,0,improving,0.1197,875,False,0,0,0,Normal,light positive
user_042,2026-04-26,0.429,0.523,107.5,1897947,18.287615,15,31.63,-0.108,0.471,0.058,17.03,0,worsening,0.2144,382,False,0,0,0,Normal,neutral
user_042,2026-04-27,0.348,0.54,112.01,1702707,19.045322,13,28.38,-0.081,0.438,0.095,-3.25,0,worsening,0.1783,554,True,1,1,1,Normal,neutral
user_042,2026-04-28,0.448,0.619,114.15,2036365,16.42388,13,33.94,0.1,0.408,0.053,5.56,0,improving,0.211,397,False,0,0,0,Normal,neutral
user_042,2026-04-29,0.419,0.639,116.74,2832622,31.75476,16,47.21,-0.029,0.405,0.051,13.27,0,worsening,0.184,525,False,0,0,0,Normal,neutral
user_042,2026-04-30,0.393,0.461,101.72,2134842,22.371841,14,35.58,-0.026,0.42,0.028,-11.63,0,worsening,0.1369,785,True,1,1,1,Normal,neutral
user_042,2026-05-01,0.37,0.55,116.61,2319175,24.7401,14,38.65,-0.023,0.394,0.025,3.07,1,worsening,0.151,693,True,1,2,2,Normal,neutral
user_042,2026-05-02,0.217,0.448,116.28,1580334,20.07812,8,26.34,-0.153,0.327,0.096,-12.31,1,worsening,0.2706,192,True,1,3,3,Prolonged Low Mood,reflective
user_042,2026-05-03,0.467,0.476,119.5,2343882,20.022085,17,39.06,0.25,0.351,0.126,12.72,0,improving,0.4097,26,False,0,0,0,Normal,neutral
user_043,2026-04-13,0.43,0.433,125.0,1359858,12.780891,12,22.66,0.0,0.43,0.0,0.0,0,stable,0.0466,1192,False,0,0,0,Normal,neutral
user_043,2026-04-14,0.395,0.467,114.02,1872734,22.386606,9,31.21,-0.035,0.413,0.025,8.55,0,worsening,0.1288,829,True,1,1,1,Normal,neutral
user_043,2026-04-15,0.422,0.626,107.43,2001142,19.23937,16,33.35,0.027,0.416,0.018,2.14,0,improving,0.1239,852,False,0,0,0,Normal,neutral
user_043,2026-04-16,0.447,0.549,122.49,2392588,22.083681,16,39.88,0.025,0.421,0.026,6.53,0,improving,0.1432,742,False,0,0,0,Normal,neutral
user_043,2026-04-17,0.528,0.697,119.25,883619,6.79717,8,14.73,0.081,0.466,0.055,-25.15,0,improving,0.1106,932,False,0,0,0,Normal,light positive
user_043,2026-04-18,0.394,0.556,125.31,1488215,14.924118,10,24.8,-0.134,0.456,0.067,10.07,0,worsening,0.2218,358,True,1,1,1,Normal,neutral
user_043,2026-04-19,0.49,0.647,115.59,964852,8.00233,8,16.08,0.096,0.471,0.069,-8.72,0,improving,0.1347,799,False,0,0,0,Normal,neutral
user_043,2026-04-20,0.52,0.537,117.89,1393133,11.470082,10,23.22,0.03,0.468,0.066,7.14,0,improving,0.0777,1088,False,0,0,0,Normal,light positive
user_043,2026-04-21,0.488,0.345,125.25,1136491,8.812101,9,18.94,-0.032,0.499,0.018,-4.28,0,worsening,0.0673,1130,False,0,0,0,Normal,neutral
user_043,2026-04-22,0.514,0.509,103.39,2251321,17.628216,15,37.52,0.026,0.507,0.017,18.58,0,improving,0.1226,859,False,0,0,0,Normal,light positive
user_043,2026-04-23,0.339,0.46,109.32,1988180,23.13283,13,33.14,-0.175,0.447,0.094,-4.38,0,worsening,0.3161,102,True,1,1,1,Normal,neutral
user_043,2026-04-24,0.352,0.619,117.76,2500491,25.249264,18,41.67,0.013,0.402,0.098,8.53,0,stable,0.1562,664,True,1,2,2,Normal,neutral
user_043,2026-04-25,0.382,0.554,116.57,2113658,23.961552,16,35.23,0.03,0.358,0.022,-6.44,1,improving,0.1421,751,True,1,3,3,Prolonged Low Mood,neutral
user_043,2026-04-26,0.393,0.467,110.52,2447773,25.19628,14,40.8,0.011,0.376,0.021,5.57,1,stable,0.1411,759,True,1,4,4,Prolonged Low Mood,neutral
user_043,2026-04-27,0.438,0.62,120.54,1653890,14.749874,13,27.56,0.045,0.404,0.03,-13.24,0,improving,0.1202,871,False,0,0,0,Normal,neutral
user_043,2026-04-28,0.402,0.559,119.09,1165166,11.320007,8,19.42,-0.036,0.411,0.024,-8.14,0,worsening,0.079,1082,False,0,0,0,Normal,neutral
user_043,2026-04-29,0.381,0.605,112.5,1107658,11.700144,8,18.46,-0.021,0.407,0.029,-0.96,0,worsening,0.0577,1160,True,1,1,1,Normal,neutral
user_043,2026-04-30,0.352,0.426,113.56,1672360,17.45457,14,27.87,-0.029,0.378,0.025,9.41,1,worsening,0.1122,923,True,1,2,2,Normal,neutral
user_043,2026-05-01,0.569,0.568,118.79,915765,7.058262,8,15.26,0.217,0.434,0.118,-12.61,0,improving,0.2766,178,False,0,0,0,Normal,light positive
user_043,2026-05-02,0.424,0.49,114.28,964475,8.615471,8,16.07,-0.145,0.448,0.111,0.81,0,worsening,0.1966,462,False,0,0,0,Normal,neutral
user_043,2026-05-03,0.509,0.572,125.94,1364952,11.741085,10,22.75,0.085,0.501,0.073,6.68,0,improving,0.1439,739,False,0,0,0,Normal,light positive
user_044,2026-04-13,0.558,0.636,121.82,2313441,16.79652,17,38.56,0.0,0.558,0.0,0.0,0,stable,0.086,1050,False,0,0,0,Normal,light positive
user_044,2026-04-14,0.329,0.537,121.38,2032646,24.05607,13,33.88,-0.229,0.444,0.162,-4.68,0,worsening,0.3869,32,True,1,1,1,Normal,neutral
user_044,2026-04-15,0.444,0.537,123.12,2253968,22.11152,15,37.57,0.115,0.444,0.115,3.69,0,improving,0.2442,271,False,0,0,0,Normal,neutral
user_044,2026-04-16,0.446,0.538,120.7,1699627,14.603544,12,28.33,0.002,0.406,0.067,-9.24,0,stable,0.07,1118,False,0,0,0,Normal,neutral
user_044,2026-04-17,0.462,0.616,121.53,1476238,14.505782,9,24.6,0.016,0.451,0.01,-3.73,0,stable,0.0709,1114,False,0,0,0,Normal,neutral
user_044,2026-04-18,0.418,0.469,103.51,2118991,22.27415,12,35.32,-0.044,0.442,0.022,10.72,0,worsening,0.1534,680,False,0,0,0,Normal,neutral
user_044,2026-04-19,0.349,0.411,108.38,1393555,16.422308,9,23.23,-0.069,0.41,0.057,-12.09,0,worsening,0.1398,769,True,1,1,1,Normal,neutral
user_044,2026-04-20,0.418,0.574,123.1,1940956,18.82823,16,32.35,0.069,0.395,0.04,9.12,1,improving,0.1715,582,False,0,0,0,Normal,neutral
user_044,2026-04-21,0.455,0.518,110.53,1295257,12.568149,10,21.59,0.037,0.407,0.054,-10.76,0,improving,0.0854,1052,False,0,0,0,Normal,neutral
user_044,2026-04-22,0.324,0.588,111.44,1501938,16.715214,12,25.03,-0.131,0.399,0.068,3.44,1,worsening,0.226,339,True,1,1,1,Normal,neutral
user_044,2026-04-23,0.379,0.471,120.87,2479464,25.144943,18,41.32,0.055,0.386,0.066,16.29,1,improving,0.1999,445,True,1,2,2,Normal,neutral
user_044,2026-04-24,0.434,0.504,105.33,2329600,23.966854,14,38.83,0.055,0.379,0.055,-2.49,1,improving,0.1781,555,False,0,0,0,Normal,neutral
user_044,2026-04-25,0.288,0.503,125.63,1625522,19.806807,13,27.09,-0.146,0.367,0.074,-11.74,1,worsening,0.2582,224,True,1,1,1,Normal,reflective
user_044,2026-04-26,0.332,0.639,113.3,1608877,18.599785,13,26.81,0.044,0.351,0.075,-0.28,1,improving,0.1278,833,True,1,2,2,Normal,neutral
user_044,2026-04-27,0.454,0.726,138.1,2418688,26.135475,16,40.31,0.122,0.358,0.086,13.5,1,improving,0.2614,213,False,0,0,0,Normal,neutral
user_044,2026-04-28,0.561,0.657,118.22,1311816,9.3779,10,21.86,0.107,0.449,0.115,-18.45,0,improving,0.1636,623,False,0,0,0,Normal,light positive
user_044,2026-04-29,0.406,0.408,115.68,2137193,22.703308,15,35.62,-0.155,0.474,0.079,13.76,0,worsening,0.2917,151,False,0,0,0,Normal,neutral
user_044,2026-04-30,0.374,0.507,119.92,2344550,26.60325,17,39.08,-0.032,0.447,0.1,3.46,0,worsening,0.163,625,True,1,1,1,Normal,neutral
user_044,2026-05-01,0.408,0.609,146.49,2002492,19.805412,14,33.37,0.034,0.396,0.019,-5.71,1,improving,0.1348,798,False,0,0,0,Normal,neutral
user_044,2026-05-02,0.411,0.609,119.67,1731954,17.730234,12,28.87,0.003,0.398,0.021,-4.5,1,stable,0.0778,1087,False,0,0,0,Normal,neutral
user_044,2026-05-03,0.466,0.596,113.5,1010406,8.010502,9,16.84,0.055,0.428,0.033,-12.03,0,improving,0.0885,1036,False,0,0,0,Normal,neutral
user_045,2026-04-13,0.356,0.645,112.78,1707444,19.273647,10,28.46,0.0,0.356,0.0,0.0,1,stable,0.0792,1081,True,1,1,1,Normal,neutral
user_045,2026-04-14,0.444,0.554,128.26,2242458,22.162258,18,37.37,0.088,0.4,0.062,8.91,0,improving,0.2105,400,False,0,0,0,Normal,neutral
user_045,2026-04-15,0.36,0.481,102.72,1548451,16.72018,13,25.81,-0.084,0.387,0.05,-11.56,1,worsening,0.1688,596,True,1,1,1,Normal,neutral
user_045,2026-04-16,0.469,0.541,113.66,1492007,12.317943,11,24.87,0.109,0.424,0.057,-0.94,0,improving,0.1844,524,False,0,0,0,Normal,neutral
user_045,2026-04-17,0.496,0.501,112.54,1396132,10.925758,12,23.27,0.027,0.442,0.072,-1.6,0,improving,0.0762,1097,False,0,0,0,Normal,neutral
user_045,2026-04-18,0.388,0.478,104.27,1812049,19.191967,14,30.2,-0.108,0.451,0.056,6.93,0,worsening,0.2142,384,True,1,1,1,Normal,neutral
user_045,2026-04-19,0.547,0.613,119.8,1466634,12.976564,13,24.44,0.159,0.477,0.081,-5.76,0,improving,0.2362,298,False,0,0,0,Normal,light positive
user_045,2026-04-20,0.439,0.539,121.0,2085125,18.323936,15,34.75,-0.108,0.458,0.081,10.31,0,worsening,0.2254,343,False,0,0,0,Normal,neutral
user_045,2026-04-21,0.33,0.686,112.98,1379307,15.81278,10,22.99,-0.109,0.439,0.109,-11.76,0,worsening,0.189,504,True,1,1,1,Normal,neutral
user_045,2026-04-22,0.334,0.599,118.17,2464611,27.32221,15,41.08,0.004,0.368,0.062,18.09,1,stable,0.1464,719,True,1,2,2,Normal,neutral
user_045,2026-04-23,0.417,0.575,114.18,1661807,16.45871,12,27.7,0.083,0.36,0.049,-13.38,1,improving,0.1695,590,False,0,0,0,Normal,neutral
user_045,2026-04-24,0.409,0.615,119.34,2577625,27.072033,18,42.96,-0.008,0.387,0.046,15.26,1,stable,0.1432,742,False,0,0,0,Normal,neutral
user_045,2026-04-25,0.477,0.657,128.01,1318461,11.105923,9,21.97,0.068,0.434,0.037,-20.99,0,improving,0.1229,857,False,0,0,0,Normal,neutral
user_045,2026-04-26,0.637,0.693,129.79,830757,4.8479676,9,13.85,0.16,0.508,0.117,-8.12,0,improving,0.2017,437,False,0,0,0,Normal,light positive
user_045,2026-04-27,0.346,0.518,125.61,1943086,21.104843,13,32.38,-0.291,0.487,0.146,18.53,0,worsening,0.4526,16,True,1,1,1,Normal,neutral
user_045,2026-04-28,0.526,0.556,96.0,1552636,12.756066,13,25.88,0.18,0.503,0.147,-6.5,0,improving,0.2686,198,False,0,0,0,Normal,light positive
user_045,2026-04-29,0.573,0.508,123.21,1975048,14.597037,15,32.92,0.047,0.482,0.12,7.04,0,improving,0.1232,855,False,0,0,0,Normal,light positive
user_045,2026-04-30,0.437,0.611,119.42,1778382,17.48243,12,29.64,-0.136,0.512,0.069,-3.28,0,worsening,0.2394,285,False,0,0,0,Normal,neutral
user_045,2026-05-01,0.443,0.595,112.64,2556774,22.427914,18,42.61,0.006,0.484,0.077,12.97,0,stable,0.1317,814,False,0,0,0,Normal,neutral
user_045,2026-05-02,0.365,0.429,118.1,1802829,18.13515,13,30.05,-0.078,0.415,0.043,-12.56,0,worsening,0.1801,546,True,1,1,1,Normal,neutral
user_045,2026-05-03,0.49,0.503,122.2,996616,8.889336,9,16.61,0.125,0.433,0.063,-13.44,0,improving,0.1719,580,False,0,0,0,Normal,neutral
user_046,2026-04-13,0.48,0.381,114.72,1361799,11.867699,9,22.7,0.0,0.48,0.0,0.0,0,stable,0.0427,1202,False,0,0,0,Normal,neutral
user_046,2026-04-14,0.587,0.652,124.28,2653621,18.990513,18,44.23,0.107,0.534,0.076,21.53,0,improving,0.2271,335,False,0,0,0,Normal,light positive
user_046,2026-04-15,0.619,0.552,130.16,1428506,9.785525,9,23.81,0.032,0.562,0.073,-20.42,0,improving,0.0732,1107,False,0,0,0,Normal,light positive
user_046,2026-04-16,0.385,0.619,127.74,2591188,27.783936,18,43.19,-0.234,0.53,0.127,19.38,0,worsening,0.4245,22,True,1,1,1,Normal,neutral
user_046,2026-04-17,0.402,0.428,127.69,1608915,17.042156,11,26.82,0.017,0.469,0.13,-16.37,0,stable,0.0872,1042,False,0,0,0,Normal,neutral
user_046,2026-04-18,0.578,0.559,123.16,1256997,9.118025,9,20.95,0.176,0.455,0.107,-5.87,0,improving,0.2435,273,False,0,0,0,Normal,light positive
user_046,2026-04-19,0.495,0.621,129.44,1768040,18.518497,11,29.47,-0.083,0.492,0.088,8.52,0,worsening,0.1667,606,False,0,0,0,Normal,neutral
user_046,2026-04-20,0.513,0.542,101.55,1680229,16.31655,14,28.0,0.018,0.529,0.044,-1.47,0,stable,0.0802,1075,False,0,0,0,Normal,light positive
user_046,2026-04-21,0.376,0.517,122.29,2731904,32.685265,12,45.53,-0.137,0.461,0.074,17.53,0,worsening,0.3189,94,True,1,1,1,Normal,neutral
user_046,2026-04-22,0.525,0.57,128.42,1995699,17.371159,16,33.26,0.149,0.471,0.083,-12.27,0,improving,0.2558,232,False,0,0,0,Normal,light positive
user_046,2026-04-23,0.449,0.576,117.05,2359099,22.872198,14,39.32,-0.076,0.45,0.075,6.06,0,worsening,0.2026,434,False,0,0,0,Normal,neutral
user_046,2026-04-24,0.434,0.578,136.15,1433478,13.556518,12,23.89,-0.015,0.469,0.049,-15.43,0,stable,0.0695,1119,False,0,0,0,Normal,neutral
user_046,2026-04-25,0.433,0.612,103.99,1427430,14.104347,14,23.79,-0.001,0.439,0.009,-0.1,0,stable,0.0521,1179,False,0,0,0,Normal,neutral
user_046,2026-04-26,0.432,0.54,124.85,2931019,27.16062,18,48.85,-0.001,0.433,0.001,25.06,0,stable,0.1532,682,False,0,0,0,Normal,neutral
user_046,2026-04-27,0.441,0.698,136.29,1882947,17.762787,12,31.38,0.009,0.435,0.005,-17.47,0,stable,0.0912,1024,False,0,0,0,Normal,neutral
user_046,2026-04-28,0.402,0.587,110.03,1506091,15.777632,9,25.1,-0.039,0.425,0.02,-6.28,0,worsening,0.1067,955,False,0,0,0,Normal,neutral
user_046,2026-04-29,0.327,0.535,114.52,1707203,18.937437,12,28.45,-0.075,0.39,0.058,3.35,1,worsening,0.1739,574,True,1,1,1,Normal,neutral
user_046,2026-04-30,0.494,0.552,130.44,2076521,18.756433,17,34.61,0.167,0.408,0.084,6.16,0,improving,0.2874,156,False,0,0,0,Normal,neutral
user_046,2026-05-01,0.37,0.654,110.38,1072062,11.372246,10,17.87,-0.124,0.397,0.087,-16.74,1,worsening,0.181,542,True,1,1,1,Normal,neutral
user_046,2026-05-02,0.383,0.634,114.8,2560743,27.75394,18,42.68,0.013,0.416,0.068,24.81,0,stable,0.1539,678,True,1,2,2,Normal,neutral
user_046,2026-05-03,0.424,0.545,125.22,2132649,19.88116,14,35.54,0.041,0.392,0.028,-7.14,1,improving,0.1496,703,False,0,0,0,Normal,neutral
user_047,2026-04-13,0.469,0.618,130.77,2144357,17.575289,14,35.74,0.0,0.469,0.0,0.0,0,stable,0.0927,1015,False,0,0,0,Normal,neutral
user_047,2026-04-14,0.511,0.628,137.98,1581347,13.083207,11,26.36,0.042,0.49,0.03,-9.38,0,improving,0.1039,967,False,0,0,0,Normal,light positive
user_047,2026-04-15,0.449,0.639,129.95,3735897,35.66742,18,62.26,-0.062,0.476,0.032,35.9,0,worsening,0.2753,182,False,0,0,0,Normal,neutral
user_047,2026-04-16,0.334,0.566,139.88,1192849,13.088721,8,19.88,-0.115,0.431,0.09,-42.38,0,worsening,0.1812,540,True,1,1,1,Normal,neutral
user_047,2026-04-17,0.442,0.625,128.65,1529993,14.382164,11,25.5,0.108,0.408,0.064,5.62,0,improving,0.1883,509,False,0,0,0,Normal,neutral
user_047,2026-04-18,0.477,0.537,140.88,1426756,14.837668,12,23.78,0.035,0.418,0.075,-1.72,0,improving,0.0895,1031,False,0,0,0,Normal,neutral
user_047,2026-04-19,0.479,0.623,111.65,1975861,18.685043,13,32.93,0.002,0.466,0.021,9.15,0,stable,0.083,1064,False,0,0,0,Normal,neutral
user_047,2026-04-20,0.49,0.609,106.24,1636680,15.888489,13,27.28,0.011,0.482,0.007,-5.65,0,stable,0.0718,1111,False,0,0,0,Normal,neutral
user_047,2026-04-21,0.564,0.68,133.19,1650718,13.169023,9,27.51,0.074,0.511,0.046,0.23,0,improving,0.1407,762,False,0,0,0,Normal,light positive
user_047,2026-04-22,0.55,0.506,110.82,1226109,10.131473,10,20.44,-0.014,0.535,0.039,-7.07,0,stable,0.0467,1191,False,0,0,0,Normal,light positive
user_047,2026-04-23,0.315,0.426,112.01,1224974,13.277134,9,20.42,-0.235,0.476,0.14,-0.02,0,worsening,0.331,82,True,1,1,1,Normal,neutral
user_047,2026-04-24,0.434,0.535,122.22,2173152,21.124193,14,36.22,0.119,0.433,0.118,15.8,0,improving,0.2455,267,False,0,0,0,Normal,neutral
user_047,2026-04-25,0.408,0.528,114.08,1355414,13.72301,11,22.59,-0.026,0.386,0.063,-13.63,1,worsening,0.0798,1079,False,0,0,0,Normal,neutral
user_047,2026-04-26,0.537,0.472,107.32,2033849,17.183792,14,33.9,0.129,0.46,0.068,11.31,0,improving,0.2317,314,False,0,0,0,Normal,light positive
user_047,2026-04-27,0.388,0.491,135.7,1886818,21.623013,14,31.45,-0.149,0.444,0.081,-2.45,0,worsening,0.2695,194,True,1,1,1,Normal,neutral
user_047,2026-04-28,0.364,0.556,122.28,1864883,20.055689,15,31.08,-0.024,0.43,0.094,-0.37,0,worsening,0.1192,878,True,1,2,2,Normal,neutral
user_047,2026-04-29,0.48,0.529,109.39,1797822,15.000604,14,29.96,0.116,0.411,0.061,-1.12,0,improving,0.2106,399,False,0,0,0,Normal,neutral
user_047,2026-04-30,0.37,0.534,125.03,1752745,18.779737,15,29.21,-0.11,0.405,0.065,-0.75,0,worsening,0.2146,380,True,1,1,1,Normal,neutral
user_047,2026-05-01,0.366,0.604,123.48,1828819,19.22579,14,30.48,-0.004,0.405,0.065,1.27,0,stable,0.0919,1021,True,1,2,2,Normal,neutral
user_047,2026-05-02,0.454,0.708,123.83,2157360,20.038208,15,35.96,0.088,0.397,0.05,5.48,1,improving,0.2032,429,False,0,0,0,Normal,neutral
user_047,2026-05-03,0.46,0.518,99.09,2276776,21.803879,14,37.95,0.006,0.427,0.053,1.99,0,stable,0.11,936,False,0,0,0,Normal,neutral
user_048,2026-04-13,0.598,0.63,133.2,1381984,8.798456,11,23.03,0.0,0.598,0.0,0.0,0,stable,0.0339,1214,False,0,0,0,Normal,light positive
user_048,2026-04-14,0.634,0.588,116.76,1235768,7.797367,10,20.6,0.036,0.616,0.025,-2.43,0,improving,0.0684,1124,False,0,0,0,Normal,light positive
user_048,2026-04-15,0.33,0.531,122.53,2706326,31.161053,16,45.11,-0.304,0.521,0.166,24.51,0,worsening,0.5313,4,True,1,1,1,Normal,neutral
user_048,2026-04-16,0.389,0.45,126.99,1812989,20.956505,11,30.22,0.059,0.451,0.161,-14.89,0,improving,0.1545,675,True,1,2,2,Normal,neutral
user_048,2026-04-17,0.52,0.622,113.71,1769641,12.446473,14,29.49,0.131,0.413,0.097,-0.73,0,improving,0.2219,357,False,0,0,0,Normal,light positive
user_048,2026-04-18,0.508,0.495,110.67,1607127,13.3898325,10,26.79,-0.012,0.472,0.072,-2.7,0,stable,0.0692,1121,False,0,0,0,Normal,light positive
user_048,2026-04-19,0.49,0.588,111.45,1399372,10.406542,12,23.32,-0.018,0.506,0.015,-3.47,0,stable,0.066,1133,False,0,0,0,Normal,neutral
user_048,2026-04-20,0.433,0.72,113.19,1898143,17.914356,13,31.64,-0.057,0.477,0.039,8.32,0,worsening,0.1518,689,False,0,0,0,Normal,neutral
user_048,2026-04-21,0.547,0.626,127.91,1773879,15.226666,14,29.56,0.114,0.49,0.057,-2.08,0,improving,0.1979,454,False,0,0,0,Normal,light positive
user_048,2026-04-22,0.431,0.41,104.82,2359295,27.231436,13,39.32,-0.116,0.47,0.066,9.76,0,worsening,0.2549,234,False,0,0,0,Normal,neutral
user_048,2026-04-23,0.464,0.602,125.99,1378099,12.866759,11,22.97,0.033,0.481,0.06,-16.35,0,improving,0.0852,1054,False,0,0,0,Normal,neutral
user_048,2026-04-24,0.367,0.559,121.4,2500896,26.03081,18,41.68,-0.097,0.421,0.049,18.71,0,worsening,0.2552,233,True,1,1,1,Normal,neutral
user_048,2026-04-25,0.461,0.408,101.95,1875127,17.268343,13,31.25,0.094,0.431,0.055,-10.43,0,improving,0.1913,489,False,0,0,0,Normal,neutral
user_048,2026-04-26,0.459,0.496,110.42,2534380,26.459276,16,42.24,-0.002,0.429,0.054,10.99,0,stable,0.1218,865,False,0,0,0,Normal,neutral
user_048,2026-04-27,0.433,0.627,119.24,2656735,29.17008,16,44.28,-0.026,0.451,0.016,2.04,0,worsening,0.165,615,False,0,0,0,Normal,neutral
user_048,2026-04-28,0.395,0.546,115.42,1851328,19.013552,14,30.86,-0.038,0.429,0.032,-13.42,0,worsening,0.1309,818,True,1,1,1,Normal,neutral
user_048,2026-04-29,0.368,0.528,134.75,1931967,21.377808,17,32.2,-0.027,0.399,0.033,1.34,1,worsening,0.1273,836,True,1,2,2,Normal,neutral
user_048,2026-04-30,0.603,0.639,125.33,1025708,6.995912,9,17.1,0.235,0.455,0.129,-15.1,0,improving,0.3027,130,False,0,0,0,Normal,light positive
user_048,2026-05-01,0.412,0.596,109.48,2897141,28.13589,18,48.29,-0.191,0.461,0.125,31.19,0,worsening,0.3873,31,False,0,0,0,Normal,neutral
user_048,2026-05-02,0.395,0.52,115.9,2459307,27.759117,17,40.99,-0.017,0.47,0.115,-7.3,0,stable,0.1488,706,True,1,1,1,Normal,neutral
user_048,2026-05-03,0.316,0.413,119.98,1686273,19.682732,13,28.1,-0.079,0.374,0.051,-12.89,1,worsening,0.1784,553,True,1,2,2,Normal,neutral
user_049,2026-04-13,0.417,0.558,112.89,2182126,22.283167,16,36.37,0.0,0.417,0.0,0.0,0,stable,0.1044,964,False,0,0,0,Normal,neutral
user_049,2026-04-14,0.464,0.517,105.93,1496118,12.77922,13,24.94,0.047,0.44,0.033,-11.43,0,improving,0.1097,938,False,0,0,0,Normal,neutral
user_049,2026-04-15,0.575,0.607,123.11,1237518,10.215014,10,20.63,0.111,0.485,0.081,-4.31,0,improving,0.1637,622,False,0,0,0,Normal,light positive
user_049,2026-04-16,0.425,0.559,114.63,2566352,26.597816,16,42.77,-0.15,0.488,0.078,22.14,0,worsening,0.3115,114,False,0,0,0,Normal,neutral
user_049,2026-04-17,0.43,0.569,118.47,1258883,12.030791,10,20.98,0.005,0.477,0.085,-21.79,0,stable,0.0459,1194,False,0,0,0,Normal,neutral
user_049,2026-04-18,0.329,0.468,111.98,1737877,19.76487,11,28.96,-0.101,0.395,0.057,7.98,1,worsening,0.2077,413,True,1,1,1,Normal,neutral
user_049,2026-04-19,0.44,0.712,121.65,2061524,20.784206,13,34.36,0.111,0.4,0.061,5.4,0,improving,0.2273,333,False,0,0,0,Normal,neutral
user_049,2026-04-20,0.473,0.61,123.38,2288748,21.888393,17,38.15,0.033,0.414,0.075,3.79,0,improving,0.1411,759,False,0,0,0,Normal,neutral
user_049,2026-04-21,0.468,0.673,119.99,1898894,16.366226,12,31.65,-0.005,0.46,0.018,-6.5,0,stable,0.0835,1063,False,0,0,0,Normal,neutral
user_049,2026-04-22,0.464,0.489,124.38,2018946,18.450268,13,33.65,-0.004,0.468,0.005,2.0,0,stable,0.0905,1027,False,0,0,0,Normal,neutral
user_049,2026-04-23,0.328,0.574,112.2,1321239,15.528706,8,22.02,-0.136,0.42,0.08,-11.63,0,worsening,0.2174,374,True,1,1,1,Normal,neutral
user_049,2026-04-24,0.329,0.4,125.5,1381746,15.667093,9,23.03,0.001,0.374,0.078,1.01,1,stable,0.0579,1158,True,1,2,2,Normal,neutral
user_049,2026-04-25,0.428,0.56,102.5,1130374,11.465578,8,18.84,0.099,0.362,0.057,-4.19,1,improving,0.1517,690,False,0,0,0,Normal,neutral
user_049,2026-04-26,0.709,0.65,117.77,1442256,5.2771006,8,24.04,0.281,0.489,0.197,5.2,0,improving,0.3685,46,False,0,0,0,Normal,energetic
user_049,2026-04-27,0.413,0.654,115.11,2399526,23.273098,17,39.99,-0.296,0.517,0.167,15.95,0,worsening,0.4803,9,False,0,0,0,Normal,neutral
user_049,2026-04-28,0.471,0.624,125.88,2191933,18.402592,17,36.53,0.058,0.531,0.157,-3.46,0,improving,0.1659,612,False,0,0,0,Normal,neutral
user_049,2026-04-29,0.474,0.718,131.18,2135590,18.792187,17,35.59,0.003,0.453,0.034,-0.94,0,stable,0.0949,1003,False,0,0,0,Normal,neutral
user_049,2026-04-30,0.382,0.731,128.35,1115394,12.187104,8,18.59,-0.092,0.442,0.052,-17.0,0,worsening,0.1446,732,True,1,1,1,Normal,neutral
user_049,2026-05-01,0.47,0.501,124.93,1530770,14.089366,8,25.51,0.088,0.442,0.052,6.92,0,improving,0.1611,635,False,0,0,0,Normal,neutral
user_049,2026-05-02,0.42,0.538,123.89,1919385,19.686115,11,31.99,-0.05,0.424,0.044,6.48,0,worsening,0.1466,718,False,0,0,0,Normal,neutral
user_049,2026-05-03,0.359,0.627,122.34,1633328,17.219582,14,27.22,-0.061,0.416,0.056,-4.77,0,worsening,0.1474,713,True,1,1,1,Normal,neutral
user_050,2026-04-13,0.453,0.54,130.31,1717482,17.149904,11,28.62,0.0,0.453,0.0,0.0,0,stable,0.0679,1127,False,0,0,0,Normal,neutral
user_050,2026-04-14,0.302,0.481,124.73,1685729,18.608885,13,28.1,-0.151,0.377,0.107,-0.52,0,worsening,0.2677,199,True,1,1,1,Normal,neutral
user_050,2026-04-15,0.36,0.623,126.53,1729248,20.840357,9,28.82,0.058,0.372,0.076,0.72,1,improving,0.1509,694,True,1,2,2,Normal,neutral
user_050,2026-04-16,0.434,0.452,108.54,2236631,21.325672,16,37.28,0.074,0.365,0.066,8.46,1,improving,0.195,471,False,0,0,0,Normal,neutral
user_050,2026-04-17,0.602,0.632,139.84,1445047,10.609444,11,24.08,0.168,0.465,0.124,-13.2,0,improving,0.2409,282,False,0,0,0,Normal,light positive
user_050,2026-04-18,0.323,0.558,99.57,1143498,11.5296545,8,19.06,-0.279,0.453,0.14,-5.02,0,worsening,0.3775,39,True,1,1,1,Normal,neutral
user_050,2026-04-19,0.474,0.534,116.02,2423366,20.631193,16,40.39,0.151,0.466,0.14,21.33,0,improving,0.2929,148,False,0,0,0,Normal,neutral
user_050,2026-04-20,0.412,0.587,126.14,2283764,22.363596,17,38.06,-0.062,0.403,0.076,-2.33,0,worsening,0.1877,512,False,0,0,0,Normal,neutral
user_050,2026-04-21,0.347,0.604,136.47,1073453,10.915079,8,17.89,-0.065,0.411,0.064,-20.17,0,worsening,0.1104,933,True,1,1,1,Normal,neutral
user_050,2026-04-22,0.384,0.573,129.32,1667618,16.895247,12,27.79,0.037,0.381,0.033,9.9,1,improving,0.1178,886,True,1,2,2,Normal,neutral
user_050,2026-04-23,0.426,0.587,125.26,2235531,21.202488,17,37.26,0.042,0.386,0.04,9.47,1,improving,0.1575,655,False,0,0,0,Normal,neutral
user_050,2026-04-24,0.412,0.619,126.77,1926765,19.151367,15,32.11,-0.014,0.407,0.021,-5.15,0,stable,0.1045,963,False,0,0,0,Normal,neutral
user_050,2026-04-25,0.403,0.55,126.7,2474576,25.487333,17,41.24,-0.009,0.414,0.012,9.13,0,stable,0.1385,776,False,0,0,0,Normal,neutral
user_050,2026-04-26,0.511,0.639,123.76,1492475,13.775932,12,24.87,0.108,0.442,0.06,-16.37,0,improving,0.179,551,False,0,0,0,Normal,light positive
user_050,2026-04-27,0.4,0.514,98.54,1691008,20.39426,12,28.18,-0.111,0.438,0.063,3.31,0,worsening,0.2076,414,False,0,0,0,Normal,neutral
user_050,2026-04-28,0.448,0.58,120.75,2332240,22.159695,15,38.87,0.048,0.453,0.056,10.69,0,improving,0.167,604,False,0,0,0,Normal,neutral
user_050,2026-04-29,0.466,0.708,118.75,1341479,11.905384,9,22.36,0.018,0.438,0.034,-16.51,0,stable,0.0644,1138,False,0,0,0,Normal,neutral
user_050,2026-04-30,0.525,0.573,114.79,1257885,10.22679,10,20.96,0.059,0.48,0.04,-1.4,0,improving,0.1049,962,False,0,0,0,Normal,light positive
user_050,2026-05-01,0.484,0.496,124.99,1648875,13.826419,14,27.48,-0.041,0.492,0.03,6.52,0,worsening,0.1097,938,False,0,0,0,Normal,neutral
user_050,2026-05-02,0.435,0.507,118.09,2240099,22.75679,15,37.33,-0.049,0.481,0.045,9.85,0,worsening,0.1646,618,False,0,0,0,Normal,neutral
user_050,2026-05-03,0.413,0.465,113.57,1178157,10.683201,9,19.64,-0.022,0.444,0.036,-17.69,0,worsening,0.0622,1145,False,0,0,0,Normal,neutral
user_051,2026-04-13,0.391,0.593,118.85,1629608,17.572268,13,27.16,0.0,0.391,0.0,0.0,1,stable,0.0692,1121,True,1,1,1,Normal,neutral
user_051,2026-04-14,0.505,0.623,119.48,2015263,16.90398,12,33.59,0.114,0.448,0.081,6.43,0,improving,0.2175,373,False,0,0,0,Normal,light positive
user_051,2026-04-15,0.466,0.57,122.13,1662880,14.269999,13,27.71,-0.039,0.454,0.058,-5.88,0,worsening,0.1102,934,False,0,0,0,Normal,neutral
user_051,2026-04-16,0.484,0.506,108.45,2298949,18.351896,18,38.32,0.018,0.485,0.02,10.61,0,stable,0.1214,866,False,0,0,0,Normal,neutral
user_051,2026-04-17,0.38,0.427,122.71,1025974,11.109622,8,17.1,-0.104,0.443,0.056,-21.22,0,worsening,0.1528,684,True,1,1,1,Normal,neutral
user_051,2026-04-18,0.458,0.477,114.97,2419139,22.40324,18,40.32,0.078,0.441,0.054,23.22,0,improving,0.2071,418,False,0,0,0,Normal,neutral
user_051,2026-04-19,0.422,0.475,118.23,1747814,18.330349,12,29.13,-0.036,0.42,0.039,-11.19,0,worsening,0.1176,888,False,0,0,0,Normal,neutral
user_051,2026-04-20,0.532,0.608,114.56,2205232,18.466068,16,36.75,0.11,0.471,0.056,7.62,0,improving,0.2189,370,False,0,0,0,Normal,light positive
user_051,2026-04-21,0.486,0.659,110.85,1601915,13.346108,12,26.7,-0.046,0.48,0.055,-10.05,0,worsening,0.1127,920,False,0,0,0,Normal,neutral
user_051,2026-04-22,0.391,0.416,113.46,1089160,11.80785,11,18.15,-0.095,0.47,0.072,-8.55,0,worsening,0.1459,723,True,1,1,1,Normal,neutral
user_051,2026-04-23,0.574,0.547,122.97,1761465,12.468135,16,29.36,0.183,0.484,0.092,11.21,0,improving,0.2777,174,False,0,0,0,Normal,light positive
user_051,2026-04-24,0.345,0.655,100.72,1813103,19.158066,15,30.22,-0.229,0.437,0.121,0.86,0,worsening,0.3673,47,True,1,1,1,Normal,neutral
user_051,2026-04-25,0.361,0.654,120.35,1402283,15.1035385,9,23.37,0.016,0.427,0.128,-6.85,0,stable,0.0749,1101,True,1,2,2,Normal,neutral
user_051,2026-04-26,0.45,0.453,102.56,2296158,23.221441,15,38.27,0.089,0.385,0.057,14.9,1,improving,0.2142,384,False,0,0,0,Normal,neutral
user_051,2026-04-27,0.362,0.557,108.0,2000226,20.403408,16,33.34,-0.088,0.391,0.051,-4.93,1,worsening,0.2076,414,True,1,1,1,Normal,neutral
user_051,2026-04-28,0.393,0.416,101.76,1511413,16.74959,12,25.19,0.031,0.402,0.045,-8.15,0,improving,0.0982,993,True,1,2,2,Normal,neutral
user_051,2026-04-29,0.459,0.597,117.46,2432364,22.312777,18,40.54,0.066,0.405,0.05,15.35,0,improving,0.1932,478,False,0,0,0,Normal,neutral
user_051,2026-04-30,0.405,0.522,110.33,1945991,20.72908,15,32.43,-0.054,0.419,0.035,-8.11,0,worsening,0.1556,668,False,0,0,0,Normal,neutral
user_051,2026-05-01,0.347,0.478,110.96,1247955,12.054794,11,20.8,-0.058,0.404,0.056,-11.63,0,worsening,0.1153,902,True,1,1,1,Normal,neutral
user_051,2026-05-02,0.562,0.606,121.76,934551,6.9760275,8,15.58,0.215,0.438,0.111,-5.22,0,improving,0.2754,181,False,0,0,0,Normal,light positive
user_051,2026-05-03,0.455,0.548,113.85,2361554,23.133232,15,39.36,-0.107,0.455,0.108,23.78,0,worsening,0.2393,286,False,0,0,0,Normal,neutral
user_052,2026-04-13,0.422,0.551,105.81,953914,8.358657,10,15.9,0.0,0.422,0.0,0.0,0,stable,0.0196,1229,False,0,0,0,Normal,neutral
user_052,2026-04-14,0.46,0.574,117.17,2300695,21.917555,16,38.34,0.038,0.441,0.027,22.44,0,improving,0.1505,698,False,0,0,0,Normal,neutral
user_052,2026-04-15,0.386,0.507,115.37,2081474,22.190702,13,34.69,-0.074,0.423,0.037,-3.65,0,worsening,0.1926,481,True,1,1,1,Normal,neutral
user_052,2026-04-16,0.488,0.516,118.17,1715952,14.735737,13,28.6,0.102,0.445,0.053,-6.09,0,improving,0.1875,514,False,0,0,0,Normal,neutral
user_052,2026-04-17,0.418,0.517,108.44,1554096,17.00141,9,25.9,-0.07,0.431,0.052,-2.7,0,worsening,0.1461,722,False,0,0,0,Normal,neutral
user_052,2026-04-18,0.537,0.442,113.93,1720883,12.867519,15,28.68,0.119,0.481,0.06,2.78,0,improving,0.2024,435,False,0,0,0,Normal,light positive
user_052,2026-04-19,0.512,0.547,118.0,1119135,10.887366,9,18.65,-0.025,0.489,0.063,-10.03,0,worsening,0.0564,1166,False,0,0,0,Normal,light positive
user_052,2026-04-20,0.395,0.379,105.49,1927521,17.774292,12,32.13,-0.117,0.481,0.076,13.48,0,worsening,0.2325,313,True,1,1,1,Normal,neutral
user_052,2026-04-21,0.482,0.506,119.44,2257072,18.59971,17,37.62,0.087,0.463,0.061,5.49,0,improving,0.2032,429,False,0,0,0,Normal,neutral
user_052,2026-04-22,0.465,0.634,127.25,2141868,19.853903,18,35.7,-0.017,0.447,0.046,-1.92,0,stable,0.1139,912,False,0,0,0,Normal,neutral
user_052,2026-04-23,0.492,0.703,119.81,2956908,25.937517,18,49.28,0.027,0.48,0.014,13.58,0,improving,0.1703,586,False,0,0,0,Normal,neutral
user_052,2026-04-24,0.375,0.582,126.6,2223688,24.418049,18,37.06,-0.117,0.444,0.061,-12.22,0,worsening,0.2573,228,True,1,1,1,Normal,neutral
user_052,2026-04-25,0.462,0.524,118.86,1979346,18.58298,14,32.99,0.087,0.443,0.061,-4.07,0,improving,0.1893,502,False,0,0,0,Normal,neutral
user_052,2026-04-26,0.284,0.576,127.29,1158633,14.228015,10,19.31,-0.178,0.374,0.089,-13.68,1,worsening,0.2581,225,True,1,1,1,Normal,reflective
user_052,2026-04-27,0.419,0.643,118.33,2256659,21.048962,17,37.61,0.135,0.388,0.093,18.3,1,improving,0.2734,188,False,0,0,0,Normal,neutral
user_052,2026-04-28,0.472,0.645,122.03,1897989,17.87514,16,31.63,0.053,0.392,0.097,-5.98,1,improving,0.1413,757,False,0,0,0,Normal,neutral
user_052,2026-04-29,0.448,0.6,123.77,2349391,25.943335,18,39.16,-0.024,0.446,0.027,7.53,0,worsening,0.1389,774,False,0,0,0,Normal,neutral
user_052,2026-04-30,0.387,0.621,118.51,2462335,28.635193,15,41.04,-0.061,0.436,0.044,1.88,0,worsening,0.2043,425,True,1,1,1,Normal,neutral
user_052,2026-05-01,0.372,0.594,134.45,1240545,12.809767,9,20.68,-0.015,0.402,0.04,-20.36,0,stable,0.0608,1149,True,1,2,2,Normal,neutral
user_052,2026-05-02,0.406,0.711,113.66,1823848,17.935606,13,30.4,0.034,0.388,0.017,9.72,1,improving,0.1226,859,False,0,0,0,Normal,neutral
user_052,2026-05-03,0.494,0.575,99.42,1824275,17.178442,12,30.4,0.088,0.424,0.063,0.0,0,improving,0.1762,562,False,0,0,0,Normal,neutral
user_053,2026-04-13,0.521,0.514,111.21,2033091,16.882729,17,33.88,0.0,0.521,0.0,0.0,0,stable,0.0773,1090,False,0,0,0,Normal,light positive
user_053,2026-04-14,0.425,0.612,112.64,2200390,22.959045,12,36.67,-0.096,0.473,0.068,2.79,0,worsening,0.221,361,False,0,0,0,Normal,neutral
user_053,2026-04-15,0.637,0.662,106.01,1796038,12.189122,11,29.93,0.212,0.528,0.106,-6.74,0,improving,0.3063,122,False,0,0,0,Normal,light positive
user_053,2026-04-16,0.585,0.602,114.81,1249789,8.816768,8,20.83,-0.052,0.549,0.11,-9.1,0,worsening,0.0918,1022,False,0,0,0,Normal,light positive
user_053,2026-04-17,0.303,0.559,117.15,2383465,26.765156,17,39.72,-0.282,0.508,0.18,18.89,0,worsening,0.4844,8,True,1,1,1,Normal,neutral
user_053,2026-04-18,0.281,0.377,127.39,2151630,25.092257,16,35.86,-0.022,0.39,0.17,-3.86,0,worsening,0.1529,683,True,1,2,2,Normal,reflective
user_053,2026-04-19,0.405,0.641,120.77,1099481,12.4038725,8,18.32,0.124,0.33,0.066,-17.54,1,improving,0.1812,540,False,0,0,0,Normal,neutral
user_053,2026-04-20,0.459,0.659,128.11,1754664,18.749804,12,29.24,0.054,0.382,0.091,10.92,1,improving,0.1352,795,False,0,0,0,Normal,neutral
user_053,2026-04-21,0.507,0.687,116.22,1975403,19.467094,13,32.92,0.048,0.457,0.051,3.68,0,improving,0.1346,800,False,0,0,0,Normal,light positive
user_053,2026-04-22,0.36,0.531,129.74,2259686,24.12172,13,37.66,-0.147,0.442,0.075,4.74,0,worsening,0.2993,134,True,1,1,1,Normal,neutral
user_053,2026-04-23,0.419,0.604,122.58,2526073,24.346313,18,42.1,0.059,0.429,0.074,4.44,0,improving,0.1994,447,False,0,0,0,Normal,neutral
user_053,2026-04-24,0.486,0.491,110.59,1275722,10.311197,9,21.26,0.067,0.422,0.063,-20.84,0,improving,0.1184,882,False,0,0,0,Normal,neutral
user_053,2026-04-25,0.519,0.659,125.22,1449941,12.592483,11,24.17,0.033,0.475,0.051,2.91,0,improving,0.0846,1058,False,0,0,0,Normal,light positive
user_053,2026-04-26,0.581,0.612,126.0,931246,7.456946,9,15.52,0.062,0.529,0.048,-8.65,0,improving,0.0885,1036,False,0,0,0,Normal,light positive
user_053,2026-04-27,0.625,0.524,136.97,1380015,8.98199,10,23.0,0.044,0.575,0.053,7.48,0,improving,0.0851,1055,False,0,0,0,Normal,light positive
user_053,2026-04-28,0.372,0.606,121.95,2338885,25.590227,17,38.98,-0.253,0.526,0.135,15.98,0,worsening,0.4318,21,True,1,1,1,Normal,neutral
user_053,2026-04-29,0.479,0.585,116.24,2540652,24.370625,18,42.34,0.107,0.492,0.127,3.36,0,improving,0.2455,267,False,0,0,0,Normal,neutral
user_053,2026-04-30,0.433,0.709,114.0,1232514,11.554717,8,20.54,-0.046,0.428,0.054,-21.8,0,worsening,0.0938,1011,False,0,0,0,Normal,neutral
user_053,2026-05-01,0.342,0.443,114.31,2310055,25.221931,14,38.5,-0.091,0.418,0.07,17.96,0,worsening,0.2385,289,True,1,1,1,Normal,neutral
user_053,2026-05-02,0.366,0.585,128.95,1178101,13.002784,10,19.64,0.024,0.38,0.047,-18.86,1,improving,0.0675,1129,True,1,2,2,Normal,neutral
user_053,2026-05-03,0.568,0.609,129.93,1492699,11.690519,10,24.88,0.202,0.425,0.124,5.24,0,improving,0.2879,154,False,0,0,0,Normal,light positive
user_054,2026-04-13,0.379,0.472,144.05,1344749,15.2277,11,22.41,0.0,0.379,0.0,0.0,1,stable,0.0497,1183,True,1,1,1,Normal,neutral
user_054,2026-04-14,0.456,0.407,141.53,1162192,11.878649,10,19.37,0.077,0.418,0.054,-3.04,0,improving,0.1255,845,False,0,0,0,Normal,neutral
user_054,2026-04-15,0.471,0.499,121.54,1532442,13.291758,13,25.54,0.015,0.435,0.049,6.17,0,stable,0.0723,1109,False,0,0,0,Normal,neutral
user_054,2026-04-16,0.562,0.575,106.82,2411933,16.706844,18,40.2,0.091,0.496,0.057,14.66,0,improving,0.201,441,False,0,0,0,Normal,light positive
user_054,2026-04-17,0.383,0.517,130.98,2307890,23.698462,14,38.46,-0.179,0.472,0.09,-1.74,0,worsening,0.3374,78,True,1,1,1,Normal,neutral
user_054,2026-04-18,0.389,0.537,108.29,2072374,20.640228,15,34.54,0.006,0.445,0.102,-3.92,0,stable,0.1088,945,True,1,2,2,Normal,neutral
user_054,2026-04-19,0.419,0.466,125.2,1530017,15.837864,13,25.5,0.03,0.397,0.019,-9.04,1,improving,0.0957,1000,False,0,0,0,Normal,neutral
user_054,2026-04-20,0.565,0.507,114.56,928172,6.44392,8,15.47,0.146,0.458,0.094,-10.03,0,improving,0.191,491,False,0,0,0,Normal,light positive
user_054,2026-04-21,0.399,0.529,117.47,1462665,16.30256,8,24.38,-0.166,0.461,0.091,8.91,0,worsening,0.2584,223,True,1,1,1,Normal,neutral
user_054,2026-04-22,0.448,0.539,106.89,1545077,14.831742,10,25.75,0.049,0.471,0.085,1.37,0,improving,0.1169,895,False,0,0,0,Normal,neutral
user_054,2026-04-23,0.379,0.627,124.46,1697223,18.170588,10,28.29,-0.069,0.409,0.036,2.54,0,worsening,0.1595,644,True,1,1,1,Normal,neutral
user_054,2026-04-24,0.406,0.48,120.36,2347195,26.3788,17,39.12,0.027,0.411,0.035,10.83,0,improving,0.1508,695,False,0,0,0,Normal,neutral
user_054,2026-04-25,0.444,0.625,120.49,2599202,24.706615,17,43.32,0.038,0.41,0.033,4.2,0,improving,0.1732,577,False,0,0,0,Normal,neutral
user_054,2026-04-26,0.501,0.601,121.95,2633781,22.463032,17,43.9,0.057,0.45,0.048,0.58,0,improving,0.1853,520,False,0,0,0,Normal,light positive
user_054,2026-04-27,0.537,0.558,116.19,2224821,18.636957,15,37.08,0.036,0.494,0.047,-6.82,0,improving,0.129,828,False,0,0,0,Normal,light positive
user_054,2026-04-28,0.579,0.638,134.01,1809610,14.568712,14,30.16,0.042,0.539,0.039,-6.92,0,improving,0.1079,949,False,0,0,0,Normal,light positive
user_054,2026-04-29,0.277,0.466,117.72,1917479,23.255991,15,31.96,-0.302,0.464,0.164,1.8,0,worsening,0.4742,12,True,1,1,1,Normal,reflective
user_054,2026-04-30,0.47,0.603,116.89,1935316,19.534822,12,32.26,0.193,0.442,0.153,0.3,0,improving,0.3142,109,False,0,0,0,Normal,neutral
user_054,2026-05-01,0.495,0.545,108.43,2441849,20.709364,15,40.7,0.025,0.414,0.119,8.44,0,improving,0.1363,789,False,0,0,0,Normal,neutral
user_054,2026-05-02,0.358,0.605,127.17,2115987,22.533081,16,35.27,-0.137,0.441,0.073,-5.43,0,worsening,0.2766,178,True,1,1,1,Normal,neutral
user_054,2026-05-03,0.544,0.505,126.56,2105365,16.969807,16,35.09,0.186,0.466,0.096,-0.18,0,improving,0.3038,126,False,0,0,0,Normal,light positive
user_055,2026-04-13,0.442,0.62,122.3,1936744,20.457113,14,32.28,0.0,0.442,0.0,0.0,0,stable,0.0837,1062,False,0,0,0,Normal,neutral
user_055,2026-04-14,0.545,0.595,116.64,1226235,9.949256,8,20.44,0.103,0.494,0.073,-11.84,0,improving,0.1554,670,False,0,0,0,Normal,light positive
user_055,2026-04-15,0.428,0.652,124.42,2034606,21.47222,15,33.91,-0.117,0.472,0.064,13.47,0,worsening,0.2348,302,False,0,0,0,Normal,neutral
user_055,2026-04-16,0.558,0.583,109.33,1646790,13.772003,12,27.45,0.13,0.51,0.072,-6.46,0,improving,0.2093,402,False,0,0,0,Normal,light positive
user_055,2026-04-17,0.482,0.652,119.55,1895262,17.700008,16,31.59,-0.076,0.489,0.065,4.14,0,worsening,0.1676,600,False,0,0,0,Normal,neutral
user_055,2026-04-18,0.519,0.515,120.93,1652741,12.869865,13,27.55,0.037,0.52,0.038,-4.04,0,improving,0.101,978,False,0,0,0,Normal,light positive
user_055,2026-04-19,0.421,0.488,115.52,2607163,26.669985,17,43.45,-0.098,0.474,0.049,15.9,0,worsening,0.252,245,False,0,0,0,Normal,neutral
user_055,2026-04-20,0.478,0.588,120.76,1181861,11.466302,11,19.7,0.057,0.473,0.049,-23.75,0,improving,0.1011,977,False,0,0,0,Normal,neutral
user_055,2026-04-21,0.399,0.551,113.59,2457640,25.200506,18,40.96,-0.079,0.433,0.041,21.26,0,worsening,0.2233,352,True,1,1,1,Normal,neutral
user_055,2026-04-22,0.488,0.601,123.53,2146226,17.875582,17,35.77,0.089,0.455,0.049,-5.19,0,improving,0.1978,455,False,0,0,0,Normal,neutral
user_055,2026-04-23,0.371,0.555,121.78,1490424,16.792921,11,24.84,-0.117,0.419,0.061,-10.93,0,worsening,0.2035,427,True,1,1,1,Normal,neutral
user_055,2026-04-24,0.356,0.517,113.1,1948947,20.111256,13,32.48,-0.015,0.405,0.072,7.64,0,stable,0.1158,900,True,1,2,2,Normal,neutral
user_055,2026-04-25,0.435,0.478,106.2,1487284,14.586293,13,24.79,0.079,0.387,0.042,-7.69,1,improving,0.1509,694,False,0,0,0,Normal,neutral
user_055,2026-04-26,0.586,0.557,114.71,2140623,17.659248,16,35.68,0.151,0.459,0.117,10.89,0,improving,0.2558,232,False,0,0,0,Normal,light positive
user_055,2026-04-27,0.509,0.548,102.89,2059327,20.014574,15,34.32,-0.077,0.51,0.076,-1.36,0,worsening,0.1744,571,False,0,0,0,Normal,light positive
user_055,2026-04-28,0.44,0.547,121.73,2718578,26.668617,17,45.31,-0.069,0.512,0.073,10.99,0,worsening,0.2197,366,False,0,0,0,Normal,neutral
user_055,2026-04-29,0.426,0.516,120.13,1698654,16.897753,12,28.31,-0.014,0.458,0.044,-17.0,0,stable,0.087,1043,False,0,0,0,Normal,neutral
user_055,2026-04-30,0.483,0.517,135.98,1894015,17.413786,13,31.57,0.057,0.45,0.03,3.26,0,improving,0.1443,735,False,0,0,0,Normal,neutral
user_055,2026-05-01,0.414,0.622,112.03,1514603,15.668042,12,25.24,-0.069,0.441,0.037,-6.33,0,worsening,0.1426,746,False,0,0,0,Normal,neutral
user_055,2026-05-02,0.475,0.584,135.99,2428493,22.62188,18,40.47,0.061,0.457,0.038,15.23,0,improving,0.1835,528,False,0,0,0,Normal,neutral
user_055,2026-05-03,0.414,0.517,120.51,1880468,16.747063,11,31.34,-0.061,0.434,0.035,-9.13,0,worsening,0.1582,651,False,0,0,0,Normal,neutral
user_056,2026-04-13,0.489,0.691,116.32,1781712,15.03898,14,29.7,0.0,0.489,0.0,0.0,0,stable,0.0673,1130,False,0,0,0,Normal,neutral
user_056,2026-04-14,0.495,0.527,122.24,828114,6.5889235,9,13.8,0.006,0.492,0.004,-15.9,0,stable,0.0169,1230,False,0,0,0,Normal,neutral
user_056,2026-04-15,0.358,0.504,115.25,2019983,21.442087,17,33.67,-0.137,0.447,0.077,19.87,0,worsening,0.2693,195,True,1,1,1,Normal,neutral
user_056,2026-04-16,0.381,0.514,119.87,1839872,18.73971,12,30.66,0.023,0.411,0.073,-3.01,0,improving,0.1137,914,True,1,2,2,Normal,neutral
user_056,2026-04-17,0.34,0.447,119.4,1758681,19.373943,11,29.31,-0.041,0.36,0.021,-1.35,1,worsening,0.135,797,True,1,3,3,Prolonged Low Mood,neutral
user_056,2026-04-18,0.498,0.533,121.55,1864094,16.664364,14,31.07,0.158,0.406,0.082,1.76,0,improving,0.2632,207,False,0,0,0,Normal,neutral
user_056,2026-04-19,0.453,0.584,117.04,1594673,14.574366,13,26.58,-0.045,0.43,0.081,-4.49,0,worsening,0.1147,907,False,0,0,0,Normal,neutral
user_056,2026-04-20,0.438,0.624,119.68,2370874,23.626125,17,39.51,-0.015,0.463,0.031,12.93,0,stable,0.1314,815,False,0,0,0,Normal,neutral
user_056,2026-04-21,0.427,0.52,113.46,1712701,15.456416,13,28.55,-0.011,0.439,0.013,-10.96,0,stable,0.0842,1060,False,0,0,0,Normal,neutral
user_056,2026-04-22,0.379,0.51,112.05,1807101,19.323376,13,30.12,-0.048,0.415,0.031,1.57,0,worsening,0.142,752,True,1,1,1,Normal,neutral
user_056,2026-04-23,0.359,0.582,114.25,1185430,11.956475,9,19.76,-0.02,0.388,0.035,-10.36,1,stable,0.0636,1140,True,1,2,2,Normal,neutral
user_056,2026-04-24,0.344,0.7,129.02,1471394,15.978984,8,24.52,-0.015,0.361,0.018,4.76,1,stable,0.0806,1073,True,1,3,3,Prolonged Low Mood,neutral
user_056,2026-04-25,0.467,0.465,125.18,1584998,13.740092,12,26.42,0.123,0.39,0.067,1.9,1,improving,0.2074,416,False,0,0,0,Normal,neutral
user_056,2026-04-26,0.527,0.494,119.12,2168621,18.006363,18,36.14,0.06,0.446,0.093,9.72,0,improving,0.1569,659,False,0,0,0,Normal,light positive
user_056,2026-04-27,0.496,0.612,115.76,2443188,19.660423,18,40.72,-0.031,0.497,0.03,4.58,0,worsening,0.1435,740,False,0,0,0,Normal,neutral
user_056,2026-04-28,0.402,0.526,118.25,1992663,20.530376,14,33.21,-0.094,0.475,0.065,-7.51,0,worsening,0.208,411,False,0,0,0,Normal,neutral
user_056,2026-04-29,0.407,0.557,128.43,2262577,23.413877,14,37.71,0.005,0.435,0.053,4.5,0,stable,0.1179,885,False,0,0,0,Normal,neutral
user_056,2026-04-30,0.452,0.604,112.45,1916578,19.764896,12,31.94,0.045,0.42,0.028,-5.77,0,improving,0.1356,793,False,0,0,0,Normal,neutral
user_056,2026-05-01,0.482,0.635,117.53,1474319,14.409388,9,24.57,0.03,0.447,0.038,-7.37,0,improving,0.0859,1051,False,0,0,0,Normal,neutral
user_056,2026-05-02,0.435,0.583,112.27,1189649,11.033938,8,19.83,-0.047,0.456,0.024,-4.74,0,worsening,0.092,1020,False,0,0,0,Normal,neutral
user_056,2026-05-03,0.437,0.481,113.84,1697404,17.459906,11,28.29,0.002,0.451,0.027,8.46,0,stable,0.071,1113,False,0,0,0,Normal,neutral
user_057,2026-04-13,0.38,0.484,118.6,2929422,32.304096,11,48.82,0.0,0.38,0.0,0.0,1,stable,0.1658,613,True,1,1,1,Normal,neutral
user_057,2026-04-14,0.528,0.482,125.94,1560117,11.983974,10,26.0,0.148,0.454,0.105,-22.82,0,improving,0.2298,324,False,0,0,0,Normal,light positive
user_057,2026-04-15,0.438,0.58,119.1,1376861,13.284768,10,22.95,-0.09,0.449,0.075,-3.05,0,worsening,0.1566,661,False,0,0,0,Normal,neutral
user_057,2026-04-16,0.378,0.67,146.64,1126267,12.017585,8,18.77,-0.06,0.448,0.075,-4.18,0,worsening,0.1067,955,True,1,1,1,Normal,neutral
user_057,2026-04-17,0.393,0.576,125.63,2605432,27.105652,14,43.42,0.015,0.403,0.031,24.65,0,stable,0.1573,657,True,1,2,2,Normal,neutral
user_057,2026-04-18,0.455,0.593,115.88,2725367,25.809746,18,45.42,0.062,0.409,0.041,2.0,0,improving,0.208,411,False,0,0,0,Normal,neutral
user_057,2026-04-19,0.467,0.447,108.39,1844847,18.101736,15,30.75,0.012,0.438,0.04,-14.67,0,stable,0.0888,1034,False,0,0,0,Normal,neutral
user_057,2026-04-20,0.372,0.36,111.89,2262072,23.185919,12,37.7,-0.095,0.431,0.052,6.95,0,worsening,0.2339,306,True,1,1,1,Normal,neutral
user_057,2026-04-21,0.477,0.683,122.55,1459215,13.310698,12,24.32,0.105,0.439,0.058,-13.38,0,improving,0.1767,560,False,0,0,0,Normal,neutral
user_057,2026-04-22,0.412,0.614,120.01,1327004,13.146283,11,22.12,-0.065,0.42,0.053,-2.2,0,worsening,0.1249,846,False,0,0,0,Normal,neutral
user_057,2026-04-23,0.433,0.537,126.44,1025000,9.950539,9,17.08,0.021,0.441,0.033,-5.04,0,improving,0.0495,1185,False,0,0,0,Normal,neutral
user_057,2026-04-24,0.465,0.536,127.83,2372744,25.11523,14,39.55,0.032,0.437,0.027,22.47,0,improving,0.1468,717,False,0,0,0,Normal,neutral
user_057,2026-04-25,0.412,0.656,126.32,1983038,18.56458,14,33.05,-0.053,0.437,0.027,-6.5,0,worsening,0.1559,666,False,0,0,0,Normal,neutral
user_057,2026-04-26,0.552,0.642,125.26,924844,6.556277,8,15.41,0.14,0.476,0.071,-17.64,0,improving,0.1839,526,False,0,0,0,Normal,light positive
user_057,2026-04-27,0.369,0.77,121.94,1848953,19.079992,12,30.82,-0.183,0.444,0.096,15.41,0,worsening,0.3108,116,True,1,1,1,Normal,neutral
user_057,2026-04-28,0.434,0.68,120.79,1662320,17.34768,11,27.71,0.065,0.452,0.093,-3.11,0,improving,0.1456,726,False,0,0,0,Normal,neutral
user_057,2026-04-29,0.663,0.652,126.9,1108958,6.6890125,9,18.48,0.229,0.489,0.154,-9.23,0,improving,0.2962,140,False,0,0,0,Normal,light positive
user_057,2026-04-30,0.461,0.703,127.09,2136880,18.989683,15,35.61,-0.202,0.519,0.125,17.13,0,worsening,0.3393,76,False,0,0,0,Normal,neutral
user_057,2026-05-01,0.508,0.401,112.76,1933481,15.223125,13,32.22,0.047,0.544,0.106,-3.39,0,improving,0.1308,819,False,0,0,0,Normal,light positive
user_057,2026-05-02,0.511,0.574,124.62,2631504,21.281826,14,43.86,0.003,0.493,0.028,11.64,0,stable,0.1172,892,False,0,0,0,Normal,light positive
user_057,2026-05-03,0.497,0.529,111.0,1831071,15.648175,15,30.52,-0.014,0.505,0.007,-13.34,0,stable,0.0862,1048,False,0,0,0,Normal,neutral
user_058,2026-04-13,0.333,0.58,126.01,2812554,31.57692,18,46.88,0.0,0.333,0.0,0.0,1,stable,0.1691,593,True,1,1,1,Normal,neutral
user_058,2026-04-14,0.37,0.55,125.66,2026519,21.614897,16,33.78,0.037,0.352,0.026,-13.1,1,improving,0.1462,721,True,1,2,2,Normal,neutral
user_058,2026-04-15,0.493,0.488,117.14,1855552,16.129293,14,30.93,0.123,0.399,0.084,-2.85,1,improving,0.2208,363,False,0,0,0,Normal,neutral
user_058,2026-04-16,0.423,0.476,125.5,2392403,25.112064,17,39.87,-0.07,0.429,0.062,8.94,0,worsening,0.2028,433,False,0,0,0,Normal,neutral
user_058,2026-04-17,0.483,0.565,116.25,1941958,16.584904,13,32.37,0.06,0.466,0.038,-7.5,0,improving,0.1509,694,False,0,0,0,Normal,neutral
user_058,2026-04-18,0.437,0.555,116.44,2508395,23.531096,18,41.81,-0.046,0.448,0.031,9.44,0,worsening,0.1785,552,False,0,0,0,Normal,neutral
user_058,2026-04-19,0.461,0.538,121.24,2666902,24.505129,16,44.45,0.024,0.46,0.023,2.64,0,improving,0.1566,661,False,0,0,0,Normal,neutral
user_058,2026-04-20,0.324,0.528,127.55,2410770,26.6409,15,40.18,-0.137,0.407,0.073,-4.27,0,worsening,0.306,123,True,1,1,1,Normal,neutral
user_058,2026-04-21,0.335,0.634,126.99,2232714,25.504442,17,37.21,0.011,0.373,0.076,-2.97,1,stable,0.1364,788,True,1,2,2,Normal,neutral
user_058,2026-04-22,0.374,0.559,122.51,1515121,16.194233,13,25.25,0.039,0.344,0.026,-11.96,1,improving,0.1101,935,True,1,3,3,Prolonged Low Mood,neutral
user_058,2026-04-23,0.482,0.487,105.72,1777396,15.234251,15,29.62,0.108,0.397,0.076,4.37,1,improving,0.1993,448,False,0,0,0,Normal,neutral
user_058,2026-04-24,0.394,0.615,124.33,1243808,12.518628,11,20.73,-0.088,0.417,0.057,-8.89,0,worsening,0.1483,708,True,1,1,1,Normal,neutral
user_058,2026-04-25,0.374,0.566,114.51,2290471,25.954514,18,38.17,-0.02,0.417,0.057,17.44,0,stable,0.1444,734,True,1,2,2,Normal,neutral
user_058,2026-04-26,0.42,0.517,117.35,2006248,18.526915,14,33.44,0.046,0.396,0.023,-4.73,1,improving,0.1477,711,False,0,0,0,Normal,neutral
user_058,2026-04-27,0.341,0.506,121.44,2322403,25.679478,16,38.71,-0.079,0.378,0.04,5.27,1,worsening,0.225,345,True,1,1,1,Normal,neutral
user_058,2026-04-28,0.323,0.516,132.22,1947991,22.400524,13,32.47,-0.018,0.361,0.052,-6.24,1,stable,0.1244,849,True,1,2,2,Normal,neutral
user_058,2026-04-29,0.3,0.438,119.0,2625019,30.481117,17,43.75,-0.023,0.321,0.021,11.28,1,worsening,0.1899,497,True,1,3,3,Prolonged Low Mood,neutral
user_058,2026-04-30,0.393,0.615,119.76,1078430,11.153064,8,17.97,0.093,0.339,0.048,-25.78,1,improving,0.1426,746,True,1,4,4,Prolonged Low Mood,neutral
user_058,2026-05-01,0.269,0.481,98.37,1313213,16.958847,9,21.89,-0.124,0.321,0.065,3.92,1,worsening,0.2066,419,True,1,5,5,Prolonged Low Mood,reflective
user_058,2026-05-02,0.416,0.581,114.22,1889719,19.280426,13,31.5,0.147,0.359,0.079,9.61,1,improving,0.2632,207,False,0,0,0,Normal,neutral
user_058,2026-05-03,0.447,0.433,116.61,1992186,18.819254,16,33.2,0.031,0.377,0.095,1.7,1,improving,0.1243,850,False,0,0,0,Normal,neutral
user_059,2026-04-13,0.469,0.618,116.15,2109705,18.182333,16,35.16,0.0,0.469,0.0,0.0,0,stable,0.0905,1027,False,0,0,0,Normal,neutral
user_059,2026-04-14,0.502,0.659,107.75,1825593,14.434576,12,30.43,0.033,0.485,0.023,-4.73,0,improving,0.1083,947,False,0,0,0,Normal,light positive
user_059,2026-04-15,0.512,0.698,121.41,1976240,15.6549835,15,32.94,0.01,0.494,0.023,2.51,0,stable,0.0877,1040,False,0,0,0,Normal,light positive
user_059,2026-04-16,0.343,0.62,129.14,2410784,27.291677,14,40.18,-0.169,0.452,0.095,7.24,0,worsening,0.341,74,True,1,1,1,Normal,neutral
user_059,2026-04-17,0.429,0.545,110.7,2438918,21.823555,18,40.65,0.086,0.428,0.085,0.47,0,improving,0.2242,350,False,0,0,0,Normal,neutral
user_059,2026-04-18,0.389,0.556,124.95,3127139,37.693295,15,52.12,-0.04,0.387,0.043,11.47,1,worsening,0.2263,338,True,1,1,1,Normal,neutral
user_059,2026-04-19,0.383,0.376,110.69,2177486,23.642761,12,36.29,-0.006,0.4,0.025,-15.83,0,stable,0.1174,890,True,1,2,2,Normal,neutral
user_059,2026-04-20,0.422,0.512,110.06,2946413,28.049393,18,49.11,0.039,0.398,0.021,12.82,1,improving,0.2032,429,False,0,0,0,Normal,neutral
user_059,2026-04-21,0.396,0.599,106.32,1234859,12.840252,9,20.58,-0.026,0.4,0.02,-28.53,0,worsening,0.0721,1110,True,1,1,1,Normal,neutral
user_059,2026-04-22,0.388,0.503,110.79,2516377,25.059755,18,41.94,-0.008,0.402,0.018,21.36,0,stable,0.1435,740,True,1,2,2,Normal,neutral
user_059,2026-04-23,0.517,0.623,134.59,1561112,14.917871,9,26.02,0.129,0.434,0.072,-15.92,0,improving,0.2079,412,False,0,0,0,Normal,light positive
user_059,2026-04-24,0.571,0.606,112.99,1611317,11.43214,11,26.86,0.054,0.492,0.094,0.84,0,improving,0.1136,915,False,0,0,0,Normal,light positive
user_059,2026-04-25,0.463,0.629,118.64,2680572,23.310123,17,44.68,-0.108,0.517,0.054,17.82,0,worsening,0.2592,220,False,0,0,0,Normal,neutral
user_059,2026-04-26,0.515,0.465,111.13,2301907,20.268057,16,38.37,0.052,0.516,0.054,-6.31,0,improving,0.157,658,False,0,0,0,Normal,light positive
user_059,2026-04-27,0.383,0.558,116.9,2521093,26.79913,18,42.02,-0.132,0.454,0.066,3.65,0,worsening,0.2958,142,True,1,1,1,Normal,neutral
user_059,2026-04-28,0.422,0.613,123.92,1966856,19.337402,16,32.78,0.039,0.44,0.068,-9.24,0,improving,0.1362,790,False,0,0,0,Normal,neutral
user_059,2026-04-29,0.326,0.498,122.64,2388833,26.65318,15,39.81,-0.096,0.377,0.048,7.03,1,worsening,0.2539,236,True,1,1,1,Normal,neutral
user_059,2026-04-30,0.465,0.418,129.61,1401970,14.203244,11,23.37,0.139,0.404,0.071,-16.44,0,improving,0.2155,378,False,0,0,0,Normal,neutral
user_059,2026-05-01,0.428,0.435,107.6,1273129,11.964851,8,21.22,-0.037,0.406,0.072,-2.15,0,worsening,0.086,1050,False,0,0,0,Normal,neutral
user_059,2026-05-02,0.429,0.632,121.97,1381529,12.815634,9,23.03,0.001,0.441,0.021,1.81,0,stable,0.0494,1186,False,0,0,0,Normal,neutral
user_059,2026-05-03,0.338,0.625,130.92,1355341,16.005142,11,22.59,-0.091,0.398,0.052,-0.44,1,worsening,0.1645,619,True,1,1,1,Normal,neutral
user_060,2026-04-13,0.449,0.626,120.35,1017584,9.445709,8,16.96,0.0,0.449,0.0,0.0,0,stable,0.0228,1226,False,0,0,0,Normal,neutral
user_060,2026-04-14,0.424,0.554,115.1,1535366,16.393572,13,25.59,-0.025,0.436,0.018,8.63,0,worsening,0.0895,1031,False,0,0,0,Normal,neutral
user_060,2026-04-15,0.387,0.562,121.94,3054417,34.294514,16,50.91,-0.037,0.42,0.031,25.32,0,worsening,0.218,372,True,1,1,1,Normal,neutral
user_060,2026-04-16,0.408,0.676,125.39,2059544,19.343864,18,34.33,0.021,0.406,0.019,-16.58,0,improving,0.123,856,False,0,0,0,Normal,neutral
user_060,2026-04-17,0.51,0.644,116.98,1507886,11.931503,13,25.13,0.102,0.435,0.066,-9.2,0,improving,0.1727,579,False,0,0,0,Normal,light positive
user_060,2026-04-18,0.459,0.656,116.22,2242926,19.928177,17,37.38,-0.051,0.459,0.051,12.25,0,worsening,0.1628,626,False,0,0,0,Normal,neutral
user_060,2026-04-19,0.458,0.496,124.47,3042622,29.024086,18,50.71,-0.001,0.476,0.03,13.33,0,stable,0.1534,680,False,0,0,0,Normal,neutral
user_060,2026-04-20,0.545,0.565,118.99,2994693,23.899296,17,49.91,0.087,0.487,0.05,-0.8,0,improving,0.231,318,False,0,0,0,Normal,light positive
user_060,2026-04-21,0.409,0.608,110.83,1683698,17.674068,13,28.06,-0.136,0.471,0.069,-21.85,0,worsening,0.2364,297,False,0,0,0,Normal,neutral
user_060,2026-04-22,0.515,0.644,109.98,1691464,14.567177,11,28.19,0.106,0.49,0.071,0.13,0,improving,0.1876,513,False,0,0,0,Normal,light positive
user_060,2026-04-23,0.358,0.596,121.72,2568562,26.097584,18,42.81,-0.157,0.427,0.08,14.62,0,worsening,0.3353,80,True,1,1,1,Normal,neutral
user_060,2026-04-24,0.458,0.648,116.4,1304197,11.410969,10,21.74,0.1,0.444,0.079,-21.07,0,improving,0.1624,628,False,0,0,0,Normal,neutral
user_060,2026-04-25,0.407,0.552,119.61,1863742,18.401741,12,31.06,-0.051,0.408,0.05,9.32,0,worsening,0.1459,723,False,0,0,0,Normal,neutral
user_060,2026-04-26,0.598,0.721,117.8,1000507,7.2405443,8,16.68,0.191,0.488,0.099,-14.38,0,improving,0.2482,255,False,0,0,0,Normal,light positive
user_060,2026-04-27,0.429,0.591,121.12,2575106,28.28814,16,42.92,-0.169,0.478,0.105,26.24,0,worsening,0.3344,81,False,0,0,0,Normal,neutral
user_060,2026-04-28,0.604,0.603,123.75,2253910,14.178439,15,37.57,0.175,0.544,0.099,-5.35,0,improving,0.2872,157,False,0,0,0,Normal,light positive
user_060,2026-04-29,0.423,0.458,108.4,1157664,11.815449,8,19.29,-0.181,0.485,0.103,-18.28,0,worsening,0.2536,237,False,0,0,0,Normal,neutral
user_060,2026-04-30,0.416,0.627,117.9,1023477,9.6198015,10,17.06,-0.007,0.481,0.107,-2.23,0,stable,0.0331,1215,False,0,0,0,Normal,neutral
user_060,2026-05-01,0.438,0.563,109.26,1504041,15.084713,14,25.07,0.022,0.426,0.011,8.01,0,improving,0.0823,1068,False,0,0,0,Normal,neutral
user_060,2026-05-02,0.466,0.584,120.33,1732563,15.185226,13,28.88,0.028,0.44,0.025,3.81,0,improving,0.1013,975,False,0,0,0,Normal,neutral
user_060,2026-05-03,0.394,0.447,99.2,2553801,27.935497,16,42.56,-0.072,0.433,0.036,13.68,0,worsening,0.2227,355,True,1,1,1,Normal,neutral
user_061,2026-04-13,0.599,0.715,127.49,1500316,10.85349,10,25.01,0.0,0.599,0.0,0.0,0,stable,0.0395,1206,False,0,0,0,Normal,light positive
user_061,2026-04-14,0.44,0.568,106.99,2986635,31.629766,18,49.78,-0.159,0.519,0.112,24.77,0,worsening,0.347,63,False,0,0,0,Normal,neutral
user_061,2026-04-15,0.391,0.613,127.3,1302175,13.371687,12,21.7,-0.049,0.477,0.109,-28.08,0,worsening,0.1053,960,True,1,1,1,Normal,neutral
user_061,2026-04-16,0.333,0.558,122.67,2518128,28.099977,17,41.97,-0.058,0.388,0.054,20.27,1,worsening,0.2165,375,True,1,2,2,Normal,neutral
user_061,2026-04-17,0.353,0.478,122.87,1343411,12.370798,10,22.39,0.02,0.359,0.029,-19.58,1,stable,0.076,1099,True,1,3,3,Prolonged Low Mood,neutral
user_061,2026-04-18,0.483,0.412,141.36,863685,6.734906,8,14.39,0.13,0.39,0.081,-8.0,1,improving,0.1701,587,False,0,0,0,Normal,neutral
user_061,2026-04-19,0.461,0.546,116.06,1189789,12.300955,8,19.83,-0.022,0.432,0.07,5.44,0,worsening,0.06,1150,False,0,0,0,Normal,neutral
user_061,2026-04-20,0.515,0.589,119.95,1259399,9.483862,12,20.99,0.054,0.486,0.027,1.16,0,improving,0.0996,986,False,0,0,0,Normal,light positive
user_061,2026-04-21,0.361,0.454,106.72,2774099,30.55573,18,46.23,-0.154,0.446,0.078,25.24,0,worsening,0.3464,64,True,1,1,1,Normal,neutral
user_061,2026-04-22,0.471,0.665,122.8,1155334,10.132731,8,19.26,0.11,0.449,0.079,-26.97,0,improving,0.1643,620,False,0,0,0,Normal,neutral
user_061,2026-04-23,0.471,0.511,107.08,1286180,11.890924,12,21.44,0.0,0.434,0.064,2.18,0,stable,0.0387,1208,False,0,0,0,Normal,neutral
user_061,2026-04-24,0.29,0.53,118.27,1636308,19.933844,9,27.27,-0.181,0.411,0.105,5.83,0,worsening,0.3015,131,True,1,1,1,Normal,reflective
user_061,2026-04-25,0.424,0.587,116.33,3056221,30.184479,18,50.94,0.134,0.395,0.094,23.67,1,improving,0.3257,87,False,0,0,0,Normal,neutral
user_061,2026-04-26,0.466,0.599,131.67,2127371,18.759619,15,35.46,0.042,0.393,0.092,-15.48,1,improving,0.1433,741,False,0,0,0,Normal,neutral
user_061,2026-04-27,0.487,0.454,115.41,2234789,19.923796,16,37.25,0.021,0.459,0.032,1.79,0,improving,0.1206,868,False,0,0,0,Normal,neutral
user_061,2026-04-28,0.465,0.561,121.68,2163840,19.644705,15,36.06,-0.022,0.473,0.012,-1.19,0,worsening,0.1214,866,False,0,0,0,Normal,neutral
user_061,2026-04-29,0.523,0.534,128.8,2300861,19.62583,15,38.35,0.058,0.492,0.029,2.29,0,improving,0.1627,627,False,0,0,0,Normal,light positive
user_061,2026-04-30,0.25,0.387,123.02,2117504,27.587643,16,35.29,-0.273,0.413,0.144,-3.06,0,worsening,0.4606,14,True,1,1,1,Normal,reflective
user_061,2026-05-01,0.517,0.681,102.19,1566941,12.846142,8,26.12,0.267,0.43,0.156,-9.17,0,improving,0.3762,41,False,0,0,0,Normal,light positive
user_061,2026-05-02,0.368,0.548,107.81,2207067,24.68511,17,36.78,-0.149,0.378,0.134,10.66,0,worsening,0.2963,139,True,1,1,1,Normal,neutral
user_061,2026-05-03,0.41,0.645,135.13,2474604,24.62848,16,41.24,0.042,0.432,0.077,4.46,0,improving,0.1771,558,False,0,0,0,Normal,neutral
user_062,2026-04-13,0.37,0.436,125.93,2225588,23.681498,16,37.09,0.0,0.37,0.0,0.0,1,stable,0.116,898,True,1,1,1,Normal,neutral
user_062,2026-04-14,0.396,0.508,120.12,1792120,18.789356,12,29.87,0.026,0.383,0.018,-7.22,1,improving,0.1119,925,True,1,2,2,Normal,neutral
user_062,2026-04-15,0.428,0.561,125.98,2247139,21.206417,16,37.45,0.032,0.398,0.029,7.58,1,improving,0.1457,725,False,0,0,0,Normal,neutral
user_062,2026-04-16,0.395,0.472,127.38,1935693,19.761662,12,32.26,-0.033,0.406,0.019,-5.19,0,worsening,0.1308,819,True,1,1,1,Normal,neutral
user_062,2026-04-17,0.534,0.57,134.12,1179434,8.778127,8,19.66,0.139,0.452,0.073,-12.6,0,improving,0.1973,457,False,0,0,0,Normal,light positive
user_062,2026-04-18,0.396,0.639,120.88,2333858,23.930574,17,38.9,-0.138,0.442,0.08,19.24,0,worsening,0.2869,159,True,1,1,1,Normal,neutral
user_062,2026-04-19,0.431,0.597,116.96,1323434,12.725277,10,22.06,0.035,0.454,0.072,-16.84,0,improving,0.0867,1045,False,0,0,0,Normal,neutral
user_062,2026-04-20,0.428,0.355,130.71,906235,8.257343,9,15.1,-0.003,0.418,0.019,-6.96,0,stable,0.0198,1228,False,0,0,0,Normal,neutral
user_062,2026-04-21,0.41,0.616,126.29,1845389,19.063984,14,30.76,-0.018,0.423,0.011,15.66,0,stable,0.104,966,False,0,0,0,Normal,neutral
user_062,2026-04-22,0.549,0.464,113.85,1199116,9.028777,10,19.99,0.139,0.462,0.076,-10.77,0,improving,0.1974,456,False,0,0,0,Normal,light positive
user_062,2026-04-23,0.44,0.564,137.6,2149998,22.740902,17,35.83,-0.109,0.466,0.073,15.84,0,worsening,0.2307,320,False,0,0,0,Normal,neutral
user_062,2026-04-24,0.551,0.645,120.34,1414564,10.942907,12,23.58,0.111,0.513,0.064,-12.25,0,improving,0.1747,569,False,0,0,0,Normal,light positive
user_062,2026-04-25,0.373,0.516,99.75,904421,9.371045,8,15.07,-0.178,0.455,0.09,-8.51,0,worsening,0.2341,305,True,1,1,1,Normal,neutral
user_062,2026-04-26,0.43,0.618,125.33,2057692,20.47061,18,34.29,0.057,0.451,0.091,19.22,0,improving,0.163,625,False,0,0,0,Normal,neutral
user_062,2026-04-27,0.403,0.728,127.53,2329955,25.146505,13,38.83,-0.027,0.402,0.029,4.54,0,worsening,0.1501,700,False,0,0,0,Normal,neutral
user_062,2026-04-28,0.467,0.515,128.1,1321147,12.257975,10,22.02,0.064,0.433,0.032,-16.81,0,improving,0.119,879,False,0,0,0,Normal,neutral
user_062,2026-04-29,0.408,0.494,117.83,2186014,22.547995,15,36.43,-0.059,0.426,0.036,14.41,0,worsening,0.178,556,False,0,0,0,Normal,neutral
user_062,2026-04-30,0.497,0.669,126.99,1738168,15.044289,13,28.97,0.089,0.457,0.045,-7.46,0,improving,0.1719,580,False,0,0,0,Normal,neutral
user_062,2026-05-01,0.495,0.471,106.14,876389,9.035776,8,14.61,-0.002,0.467,0.051,-14.36,0,stable,0.0149,1231,False,0,0,0,Normal,neutral
user_062,2026-05-02,0.468,0.419,121.77,2001851,19.323689,16,33.36,-0.027,0.487,0.016,18.75,0,worsening,0.1167,897,False,0,0,0,Normal,neutral
user_062,2026-05-03,0.349,0.437,104.82,1547400,18.862598,12,25.79,-0.119,0.437,0.078,-7.57,0,worsening,0.2125,390,True,1,1,1,Normal,neutral
user_063,2026-04-13,0.415,0.577,116.66,2177109,25.083248,15,36.29,0.0,0.415,0.0,0.0,0,stable,0.1044,964,False,0,0,0,Normal,neutral
user_063,2026-04-14,0.425,0.442,121.81,2912048,29.65087,17,48.53,0.01,0.42,0.007,12.24,0,stable,0.1647,617,False,0,0,0,Normal,neutral
user_063,2026-04-15,0.51,0.604,122.65,2433335,21.831963,14,40.56,0.085,0.45,0.052,-7.97,0,improving,0.2057,422,False,0,0,0,Normal,light positive
user_063,2026-04-16,0.485,0.658,122.45,1772607,14.955363,15,29.54,-0.025,0.473,0.044,-11.02,0,worsening,0.0977,994,False,0,0,0,Normal,neutral
user_063,2026-04-17,0.416,0.703,109.2,1224891,12.864145,10,20.41,-0.069,0.47,0.049,-9.13,0,worsening,0.1224,861,False,0,0,0,Normal,neutral
user_063,2026-04-18,0.413,0.425,124.45,1216349,11.260879,10,20.27,-0.003,0.438,0.041,-0.14,0,stable,0.0417,1204,False,0,0,0,Normal,neutral
user_063,2026-04-19,0.397,0.566,103.07,2953814,37.938637,12,49.23,-0.016,0.409,0.01,28.96,0,stable,0.1824,534,True,1,1,1,Normal,neutral
user_063,2026-04-20,0.406,0.552,126.4,2265755,23.950033,17,37.76,0.009,0.405,0.008,-11.47,0,stable,0.1232,855,False,0,0,0,Normal,neutral
user_063,2026-04-21,0.391,0.615,105.12,1755642,18.167765,13,29.26,-0.015,0.398,0.008,-8.5,1,stable,0.0966,995,True,1,1,1,Normal,neutral
user_063,2026-04-22,0.481,0.635,122.47,1506959,13.831721,11,25.12,0.09,0.426,0.048,-4.14,0,improving,0.161,636,False,0,0,0,Normal,neutral
user_063,2026-04-23,0.367,0.534,107.89,2431917,27.838024,16,40.53,-0.114,0.413,0.06,15.41,0,worsening,0.2707,191,True,1,1,1,Normal,neutral
user_063,2026-04-24,0.426,0.492,125.27,2173904,19.834225,17,36.23,0.059,0.425,0.057,-4.3,0,improving,0.174,573,False,0,0,0,Normal,neutral
user_063,2026-04-25,0.406,0.551,118.66,2317219,23.513336,17,38.62,-0.02,0.4,0.03,2.39,0,stable,0.1402,765,False,0,0,0,Normal,neutral
user_063,2026-04-26,0.53,0.697,142.71,1359382,11.029305,11,22.66,0.124,0.454,0.067,-15.96,0,improving,0.1893,502,False,0,0,0,Normal,light positive
user_063,2026-04-27,0.407,0.557,112.92,1895415,18.62334,15,31.59,-0.123,0.448,0.071,8.93,0,worsening,0.2357,299,False,0,0,0,Normal,neutral
user_063,2026-04-28,0.497,0.655,110.64,2001673,16.346148,14,33.36,0.09,0.478,0.064,1.77,0,improving,0.1888,506,False,0,0,0,Normal,neutral
user_063,2026-04-29,0.482,0.56,117.0,1485038,13.569431,12,24.75,-0.015,0.462,0.048,-8.61,0,stable,0.0683,1125,False,0,0,0,Normal,neutral
user_063,2026-04-30,0.474,0.465,116.0,1282770,11.432422,12,21.38,-0.008,0.484,0.012,-3.37,0,stable,0.048,1189,False,0,0,0,Normal,neutral
user_063,2026-05-01,0.553,0.615,116.83,1238143,9.633725,9,20.64,0.079,0.503,0.043,-0.74,0,improving,0.1263,840,False,0,0,0,Normal,light positive
user_063,2026-05-02,0.346,0.513,118.07,1568451,18.778547,11,26.14,-0.207,0.458,0.104,5.5,0,worsening,0.3215,92,True,1,1,1,Normal,neutral
user_063,2026-05-03,0.418,0.467,121.55,2263885,22.766657,14,37.73,0.072,0.439,0.105,11.59,0,improving,0.1974,456,False,0,0,0,Normal,neutral
user_064,2026-04-13,0.501,0.624,130.01,1647245,13.084293,17,27.45,0.0,0.501,0.0,0.0,0,stable,0.0578,1159,False,0,0,0,Normal,light positive
user_064,2026-04-14,0.391,0.599,123.4,2435054,24.914286,17,40.58,-0.11,0.446,0.078,13.13,0,worsening,0.261,214,True,1,1,1,Normal,neutral
user_064,2026-04-15,0.398,0.604,112.48,1592511,16.323027,10,26.54,0.007,0.43,0.062,-14.04,0,stable,0.0743,1104,True,1,2,2,Normal,neutral
user_064,2026-04-16,0.318,0.464,109.31,2019513,22.092112,15,33.66,-0.08,0.369,0.044,7.12,1,worsening,0.2063,420,True,1,3,3,Prolonged Low Mood,neutral
user_064,2026-04-17,0.269,0.461,119.27,1838276,25.729065,8,30.64,-0.049,0.328,0.065,-3.02,1,worsening,0.1608,638,True,1,4,4,Prolonged Low Mood,reflective
user_064,2026-04-18,0.518,0.474,111.58,1618553,13.4154215,15,26.98,0.249,0.368,0.132,-3.66,0,improving,0.3571,56,False,0,0,0,Normal,light positive
user_064,2026-04-19,0.46,0.613,124.63,1832375,20.519764,11,30.54,-0.058,0.416,0.13,3.56,0,worsening,0.1449,730,False,0,0,0,Normal,neutral
user_064,2026-04-20,0.625,0.578,132.72,1586987,10.216975,12,26.45,0.165,0.534,0.084,-4.09,0,improving,0.2415,280,False,0,0,0,Normal,light positive
user_064,2026-04-21,0.549,0.546,114.59,1749249,14.914315,15,29.15,-0.076,0.545,0.083,2.7,0,worsening,0.1501,700,False,0,0,0,Normal,light positive
user_064,2026-04-22,0.384,0.467,121.0,2127463,24.444527,12,35.46,-0.165,0.519,0.123,6.31,0,worsening,0.307,119,True,1,1,1,Normal,neutral
user_064,2026-04-23,0.485,0.551,117.38,2169165,18.65955,16,36.15,0.101,0.473,0.083,0.69,0,improving,0.2143,383,False,0,0,0,Normal,neutral
user_064,2026-04-24,0.358,0.494,110.42,1707271,18.682814,13,28.45,-0.127,0.409,0.067,-7.7,0,worsening,0.2334,309,True,1,1,1,Normal,neutral
user_064,2026-04-25,0.439,0.523,128.66,2805121,24.561977,18,46.75,0.081,0.427,0.064,18.3,0,improving,0.2403,284,False,0,0,0,Normal,neutral
user_064,2026-04-26,0.478,0.454,108.63,2154715,20.459415,15,35.91,0.039,0.425,0.061,-10.84,0,improving,0.1392,772,False,0,0,0,Normal,neutral
user_064,2026-04-27,0.402,0.495,116.57,1300747,13.649598,11,21.68,-0.076,0.44,0.038,-14.23,0,worsening,0.1372,783,False,0,0,0,Normal,neutral
user_064,2026-04-28,0.43,0.529,132.88,2428891,22.02046,16,40.48,0.028,0.437,0.038,18.8,0,improving,0.1527,685,False,0,0,0,Normal,neutral
user_064,2026-04-29,0.398,0.612,126.73,1555400,15.988499,12,25.92,-0.032,0.41,0.017,-14.56,0,worsening,0.1021,972,True,1,1,1,Normal,neutral
user_064,2026-04-30,0.386,0.609,118.86,1529754,15.577031,13,25.5,-0.012,0.405,0.023,-0.42,0,stable,0.0772,1091,True,1,2,2,Normal,neutral
user_064,2026-05-01,0.31,0.549,100.6,1457055,16.339893,9,24.28,-0.076,0.365,0.048,-1.22,1,worsening,0.1568,660,True,1,3,3,Prolonged Low Mood,neutral
user_064,2026-05-02,0.37,0.662,124.05,1327769,14.343799,9,22.13,0.06,0.355,0.04,-2.15,1,improving,0.1221,864,True,1,4,4,Prolonged Low Mood,neutral
user_064,2026-05-03,0.456,0.58,126.69,2175864,20.707611,14,36.26,0.086,0.379,0.073,14.13,1,improving,0.2016,438,False,0,0,0,Normal,neutral
user_065,2026-04-13,0.343,0.455,105.94,1254120,13.908171,10,20.9,0.0,0.343,0.0,0.0,1,stable,0.0455,1196,True,1,1,1,Normal,neutral
user_065,2026-04-14,0.369,0.548,125.86,2450640,26.761488,18,40.84,0.026,0.356,0.018,19.94,1,improving,0.1646,618,True,1,2,2,Normal,neutral
user_065,2026-04-15,0.472,0.623,129.03,2519785,22.302132,17,42.0,0.103,0.395,0.068,1.16,1,improving,0.2409,282,False,0,0,0,Normal,neutral
user_065,2026-04-16,0.471,0.662,133.66,1745381,17.526539,15,29.09,-0.001,0.437,0.059,-12.91,0,stable,0.0686,1123,False,0,0,0,Normal,neutral
user_065,2026-04-17,0.434,0.676,120.43,2150109,20.21397,16,35.84,-0.037,0.459,0.022,6.75,0,worsening,0.1442,736,False,0,0,0,Normal,neutral
user_065,2026-04-18,0.438,0.563,108.01,1757858,18.99691,14,29.3,0.004,0.448,0.02,-6.54,0,stable,0.0773,1090,False,0,0,0,Normal,neutral
user_065,2026-04-19,0.251,0.462,126.96,1172936,14.081044,8,19.55,-0.187,0.374,0.107,-9.75,0,worsening,0.2722,189,True,1,1,1,Normal,reflective
user_065,2026-04-20,0.574,0.605,114.15,1254330,8.993744,12,20.91,0.323,0.421,0.162,1.36,0,improving,0.4225,23,False,0,0,0,Normal,light positive
user_065,2026-04-21,0.516,0.61,116.07,1437752,12.377298,13,23.96,-0.058,0.447,0.172,3.05,0,worsening,0.1146,908,False,0,0,0,Normal,light positive
user_065,2026-04-22,0.512,0.556,119.69,2331917,20.369425,18,38.87,-0.004,0.534,0.035,14.91,0,stable,0.1009,979,False,0,0,0,Normal,light positive
user_065,2026-04-23,0.556,0.667,136.47,1564121,10.4608345,10,26.07,0.044,0.528,0.024,-12.8,0,improving,0.1006,982,False,0,0,0,Normal,light positive
user_065,2026-04-24,0.373,0.552,115.43,1788806,19.190474,13,29.81,-0.183,0.48,0.096,3.74,0,worsening,0.3057,124,True,1,1,1,Normal,neutral
user_065,2026-04-25,0.384,0.521,123.95,1755723,18.032782,11,29.26,0.011,0.438,0.103,-0.55,0,stable,0.0926,1016,True,1,2,2,Normal,neutral
user_065,2026-04-26,0.452,0.518,115.08,1665378,14.49825,9,27.76,0.068,0.403,0.043,-1.5,0,improving,0.1474,713,False,0,0,0,Normal,neutral
user_065,2026-04-27,0.431,0.566,116.22,923280,8.959033,9,15.39,-0.021,0.422,0.035,-12.37,0,worsening,0.0427,1202,False,0,0,0,Normal,neutral
user_065,2026-04-28,0.663,0.662,108.96,2425629,17.254343,12,40.43,0.232,0.515,0.128,25.04,0,improving,0.3523,59,False,0,0,0,Normal,light positive
user_065,2026-04-29,0.374,0.492,117.37,1115252,12.339338,8,18.59,-0.289,0.489,0.153,-21.84,0,worsening,0.3847,36,True,1,1,1,Normal,neutral
user_065,2026-04-30,0.392,0.523,131.56,1049895,10.681691,8,17.5,0.018,0.476,0.162,-1.09,0,stable,0.0494,1186,True,1,2,2,Normal,neutral
user_065,2026-05-01,0.464,0.546,110.17,1823512,15.702986,11,30.39,0.072,0.41,0.048,12.89,0,improving,0.1608,638,False,0,0,0,Normal,neutral
user_065,2026-05-02,0.371,0.655,112.13,2008330,21.613577,10,33.47,-0.093,0.409,0.049,3.08,0,worsening,0.2128,389,True,1,1,1,Normal,neutral
user_065,2026-05-03,0.397,0.506,115.78,2160018,25.634232,14,36.0,0.026,0.411,0.048,2.53,0,improving,0.138,778,True,1,2,2,Normal,neutral
user_066,2026-04-13,0.215,0.501,116.96,1251078,15.722962,8,20.85,0.0,0.215,0.0,0.0,1,stable,0.0541,1170,True,1,1,1,Normal,reflective
user_066,2026-04-14,0.373,0.583,120.52,1278687,13.496103,11,21.31,0.158,0.294,0.112,0.46,0,improving,0.2375,291,True,1,2,2,Normal,neutral
user_066,2026-04-15,0.516,0.55,106.54,1630798,14.033399,12,27.18,0.143,0.368,0.151,5.87,0,improving,0.2291,326,False,0,0,0,Normal,light positive
user_066,2026-04-16,0.386,0.598,124.59,1910340,19.801647,18,31.84,-0.13,0.425,0.079,4.66,0,worsening,0.2483,254,True,1,1,1,Normal,neutral
user_066,2026-04-17,0.393,0.551,109.66,1565831,15.747411,14,26.1,0.007,0.432,0.073,-5.74,0,stable,0.073,1108,True,1,2,2,Normal,neutral
user_066,2026-04-18,0.371,0.521,126.62,1798382,19.175617,17,29.97,-0.022,0.383,0.011,3.87,1,worsening,0.1108,930,True,1,3,3,Prolonged Low Mood,neutral
user_066,2026-04-19,0.401,0.504,109.67,1719801,17.08643,11,28.66,0.03,0.388,0.016,-1.31,1,improving,0.111,929,False,0,0,0,Normal,neutral
user_066,2026-04-20,0.562,0.604,117.37,1635625,11.614577,12,27.26,0.161,0.445,0.103,-1.4,0,improving,0.246,265,False,0,0,0,Normal,light positive
user_066,2026-04-21,0.5,0.598,123.09,1370829,10.0646105,12,22.85,-0.062,0.488,0.081,-4.41,0,worsening,0.117,894,False,0,0,0,Normal,light positive
user_066,2026-04-22,0.448,0.52,120.32,2753041,25.746773,17,45.88,-0.052,0.503,0.057,23.03,0,worsening,0.1993,448,False,0,0,0,Normal,neutral
user_066,2026-04-23,0.47,0.541,108.79,2822492,27.509415,18,47.04,0.022,0.473,0.026,1.16,0,improving,0.1618,632,False,0,0,0,Normal,neutral
user_066,2026-04-24,0.403,0.522,113.49,2377372,22.81861,18,39.62,-0.067,0.44,0.034,-7.42,0,worsening,0.2022,436,False,0,0,0,Normal,neutral
user_066,2026-04-25,0.392,0.578,114.08,2072711,22.034035,16,34.55,-0.011,0.422,0.042,-5.07,0,stable,0.1144,909,True,1,1,1,Normal,neutral
user_066,2026-04-26,0.388,0.5,119.14,1819261,19.931425,13,30.32,-0.004,0.394,0.008,-4.23,1,stable,0.0882,1037,True,1,2,2,Normal,neutral
user_066,2026-04-27,0.297,0.529,125.8,2043185,22.790514,13,34.05,-0.091,0.359,0.054,3.73,1,worsening,0.225,345,True,1,3,3,Prolonged Low Mood,reflective
user_066,2026-04-28,0.364,0.45,116.62,2258553,24.336472,18,37.64,0.067,0.35,0.047,3.59,1,improving,0.2011,440,True,1,4,4,Prolonged Low Mood,neutral
user_066,2026-04-29,0.386,0.435,124.67,1893592,22.574575,11,31.56,0.022,0.349,0.046,-6.08,1,improving,0.1157,901,True,1,5,5,Prolonged Low Mood,neutral
user_066,2026-04-30,0.538,0.644,142.72,1636154,14.592701,11,27.27,0.152,0.429,0.095,-4.29,0,improving,0.2378,290,False,0,0,0,Normal,light positive
user_066,2026-05-01,0.425,0.627,122.82,2481916,24.062126,17,41.37,-0.113,0.45,0.079,14.1,0,worsening,0.2608,215,False,0,0,0,Normal,neutral
user_066,2026-05-02,0.443,0.531,109.25,1715266,14.485819,12,28.59,0.018,0.469,0.061,-12.78,0,stable,0.0909,1025,False,0,0,0,Normal,neutral
user_066,2026-05-03,0.532,0.608,128.84,1323217,11.325368,10,22.05,0.089,0.467,0.057,-6.54,0,improving,0.1445,733,False,0,0,0,Normal,light positive
user_067,2026-04-13,0.442,0.576,113.24,1602276,16.127312,14,26.7,0.0,0.442,0.0,0.0,0,stable,0.0616,1146,False,0,0,0,Normal,neutral
user_067,2026-04-14,0.359,0.527,112.12,1414371,14.979988,11,23.57,-0.083,0.4,0.059,-3.13,0,worsening,0.1575,655,True,1,1,1,Normal,neutral
user_067,2026-04-15,0.355,0.554,118.94,2317208,24.206665,17,38.62,-0.004,0.385,0.049,15.05,1,stable,0.1306,820,True,1,2,2,Normal,neutral
user_067,2026-04-16,0.468,0.512,127.02,2509854,25.271969,17,41.83,0.113,0.394,0.064,3.21,1,improving,0.2533,239,False,0,0,0,Normal,neutral
user_067,2026-04-17,0.374,0.484,126.5,1457890,15.467987,11,24.3,-0.094,0.399,0.061,-17.53,1,worsening,0.1728,578,True,1,1,1,Normal,neutral
user_067,2026-04-18,0.451,0.736,112.13,1580018,14.104888,13,26.33,0.077,0.431,0.05,2.03,0,improving,0.1529,683,False,0,0,0,Normal,neutral
user_067,2026-04-19,0.405,0.504,108.63,2833602,29.636877,18,47.23,-0.046,0.41,0.039,20.9,0,worsening,0.2083,409,False,0,0,0,Normal,neutral
user_067,2026-04-20,0.543,0.636,110.15,2092202,15.480568,16,34.87,0.138,0.466,0.07,-12.36,0,improving,0.2448,269,False,0,0,0,Normal,light positive
user_067,2026-04-21,0.468,0.554,124.0,1339604,12.736074,10,22.33,-0.075,0.472,0.069,-12.54,0,worsening,0.1335,805,False,0,0,0,Normal,neutral
user_067,2026-04-22,0.525,0.683,123.71,1838642,16.09659,14,30.64,0.057,0.512,0.039,8.31,0,improving,0.1351,796,False,0,0,0,Normal,light positive
user_067,2026-04-23,0.396,0.425,119.74,1729120,18.061842,14,28.82,-0.129,0.463,0.065,-1.82,0,worsening,0.2327,311,True,1,1,1,Normal,neutral
user_067,2026-04-24,0.403,0.552,126.03,2382280,23.020386,15,39.7,0.007,0.441,0.073,10.88,0,stable,0.1295,824,False,0,0,0,Normal,neutral
user_067,2026-04-25,0.37,0.61,129.24,923817,9.582213,8,15.4,-0.033,0.39,0.017,-24.3,1,worsening,0.0592,1155,True,1,1,1,Normal,neutral
user_067,2026-04-26,0.298,0.48,107.75,1397750,15.918119,11,23.3,-0.072,0.357,0.054,7.9,1,worsening,0.1482,709,True,1,2,2,Normal,reflective
user_067,2026-04-27,0.439,0.634,117.09,2385412,23.112282,17,39.76,0.141,0.369,0.071,16.46,1,improving,0.2855,161,False,0,0,0,Normal,neutral
user_067,2026-04-28,0.414,0.691,118.82,1357995,13.672217,10,22.63,-0.025,0.384,0.075,-17.13,1,worsening,0.0782,1085,False,0,0,0,Normal,neutral
user_067,2026-04-29,0.49,0.683,133.11,1618560,13.093941,11,26.98,0.076,0.448,0.039,4.35,0,improving,0.1498,702,False,0,0,0,Normal,neutral
user_067,2026-04-30,0.298,0.596,127.56,1799711,20.832085,11,30.0,-0.192,0.401,0.097,3.02,0,worsening,0.3275,86,True,1,1,1,Normal,reflective
user_067,2026-05-01,0.355,0.403,117.52,1451253,15.587013,9,24.19,0.057,0.381,0.099,-5.81,1,improving,0.1291,827,True,1,2,2,Normal,neutral
user_067,2026-05-02,0.414,0.752,134.46,1322264,13.234132,9,22.04,0.059,0.356,0.058,-2.15,1,improving,0.1171,893,False,0,0,0,Normal,neutral
user_067,2026-05-03,0.512,0.798,113.42,1798583,14.864996,11,29.98,0.098,0.427,0.079,7.94,0,improving,0.1845,523,False,0,0,0,Normal,light positive
user_068,2026-04-13,0.422,0.601,123.88,2541644,25.1111,17,42.36,0.0,0.422,0.0,0.0,0,stable,0.128,832,False,0,0,0,Normal,neutral
user_068,2026-04-14,0.652,0.65,134.33,1135801,7.0169816,8,18.93,0.23,0.537,0.163,-23.43,0,improving,0.2991,135,False,0,0,0,Normal,light positive
user_068,2026-04-15,0.33,0.576,137.56,1719524,18.832964,11,28.66,-0.322,0.468,0.166,9.73,0,worsening,0.475,11,True,1,1,1,Normal,neutral
user_068,2026-04-16,0.374,0.634,128.86,1000683,10.043334,8,16.68,0.044,0.452,0.175,-11.98,0,improving,0.0782,1085,True,1,2,2,Normal,neutral
user_068,2026-04-17,0.342,0.635,118.23,2138161,24.500502,14,35.64,-0.032,0.349,0.023,18.96,1,worsening,0.1533,681,True,1,3,3,Prolonged Low Mood,neutral
user_068,2026-04-18,0.345,0.587,135.45,1632028,18.833834,10,27.2,0.003,0.354,0.018,-8.44,1,stable,0.0783,1084,True,1,4,4,Prolonged Low Mood,neutral
user_068,2026-04-19,0.417,0.445,114.33,1926791,20.503376,16,32.11,0.072,0.368,0.042,4.91,1,improving,0.1744,571,False,0,0,0,Normal,neutral
user_068,2026-04-20,0.435,0.617,125.26,2330789,22.013718,14,38.85,0.018,0.399,0.048,6.74,1,stable,0.133,807,False,0,0,0,Normal,neutral
user_068,2026-04-21,0.433,0.574,116.99,2660768,28.577576,16,44.35,-0.002,0.428,0.01,5.5,0,stable,0.136,791,False,0,0,0,Normal,neutral
user_068,2026-04-22,0.59,0.557,119.6,1971692,14.083562,14,32.86,0.157,0.486,0.09,-11.49,0,improving,0.2542,235,False,0,0,0,Normal,light positive
user_068,2026-04-23,0.387,0.477,111.2,1704215,17.51139,12,28.4,-0.203,0.47,0.106,-4.46,0,worsening,0.3221,90,True,1,1,1,Normal,neutral
user_068,2026-04-24,0.474,0.476,113.61,2368472,21.787542,17,39.47,0.087,0.484,0.102,11.07,0,improving,0.2116,395,False,0,0,0,Normal,neutral
user_068,2026-04-25,0.512,0.496,104.56,1838329,13.2999525,13,30.64,0.038,0.458,0.064,-8.83,0,improving,0.1138,913,False,0,0,0,Normal,light positive
user_068,2026-04-26,0.381,0.417,102.85,2106310,19.482159,18,35.11,-0.131,0.456,0.067,4.47,0,worsening,0.2647,204,True,1,1,1,Normal,neutral
user_068,2026-04-27,0.428,0.54,129.18,2529108,24.890718,18,42.15,0.047,0.44,0.066,7.04,0,improving,0.183,531,False,0,0,0,Normal,neutral
user_068,2026-04-28,0.469,0.606,125.15,2150121,19.846544,14,35.84,0.041,0.426,0.044,-6.31,0,improving,0.1429,744,False,0,0,0,Normal,neutral
user_068,2026-04-29,0.432,0.636,125.89,2350935,22.015707,15,39.18,-0.037,0.443,0.023,3.34,0,worsening,0.158,652,False,0,0,0,Normal,neutral
user_068,2026-04-30,0.557,0.484,106.81,1453966,10.354436,10,24.23,0.125,0.486,0.064,-14.95,0,improving,0.1932,478,False,0,0,0,Normal,light positive
user_068,2026-05-01,0.512,0.634,125.31,1855131,14.830422,16,30.92,-0.045,0.5,0.063,6.69,0,worsening,0.1232,855,False,0,0,0,Normal,light positive
user_068,2026-05-02,0.443,0.555,113.11,2252596,21.715637,15,37.54,-0.069,0.504,0.057,6.62,0,worsening,0.1883,509,False,0,0,0,Normal,neutral
user_068,2026-05-03,0.307,0.492,126.34,2481981,29.650959,17,41.37,-0.136,0.421,0.104,3.83,0,worsening,0.3141,110,True,1,1,1,Normal,neutral
user_069,2026-04-13,0.164,0.537,122.75,1357648,18.946299,10,22.63,0.0,0.164,0.0,0.0,1,stable,0.0682,1126,True,1,1,1,Normal,reflective
user_069,2026-04-14,0.473,0.644,125.29,2476519,22.485662,16,41.28,0.309,0.318,0.218,18.65,0,improving,0.4886,6,False,0,0,0,Normal,neutral
user_069,2026-04-15,0.442,0.598,113.56,1451287,15.554326,13,24.19,-0.031,0.36,0.17,-17.09,0,worsening,0.0894,1032,False,0,0,0,Normal,neutral
user_069,2026-04-16,0.444,0.511,100.49,1113420,11.014243,10,18.56,0.002,0.453,0.017,-5.63,0,stable,0.0317,1217,False,0,0,0,Normal,neutral
user_069,2026-04-17,0.363,0.535,106.41,1190905,11.366801,9,19.85,-0.081,0.416,0.046,1.29,0,worsening,0.1379,779,True,1,1,1,Normal,neutral
user_069,2026-04-18,0.308,0.395,105.88,1926748,21.029718,14,32.11,-0.055,0.372,0.068,12.26,1,worsening,0.1699,588,True,1,2,2,Normal,neutral
user_069,2026-04-19,0.385,0.542,121.61,1276653,13.581825,11,21.28,0.077,0.352,0.04,-10.83,1,improving,0.138,778,True,1,3,3,Prolonged Low Mood,neutral
user_069,2026-04-20,0.594,0.646,140.38,1351166,11.758658,9,22.52,0.209,0.429,0.148,1.24,0,improving,0.2871,158,False,0,0,0,Normal,light positive
user_069,2026-04-21,0.473,0.599,124.29,1942083,17.769003,12,32.37,-0.121,0.484,0.105,9.85,0,worsening,0.2266,337,False,0,0,0,Normal,neutral
user_069,2026-04-22,0.443,0.619,113.59,2057751,18.966309,15,34.3,-0.03,0.503,0.08,1.93,0,worsening,0.128,832,False,0,0,0,Normal,neutral
user_069,2026-04-23,0.38,0.463,115.91,1387637,13.834584,11,23.13,-0.063,0.432,0.047,-11.17,0,worsening,0.1294,825,True,1,1,1,Normal,neutral
user_069,2026-04-24,0.387,0.506,115.23,2788013,29.317484,18,46.47,0.007,0.403,0.035,23.34,0,stable,0.1622,630,True,1,2,2,Normal,neutral
user_069,2026-04-25,0.483,0.57,124.36,2222498,19.492039,16,37.04,0.096,0.417,0.058,-9.43,0,improving,0.2118,394,False,0,0,0,Normal,neutral
user_069,2026-04-26,0.352,0.632,125.96,1829593,19.739805,13,30.49,-0.131,0.407,0.068,-6.55,0,worsening,0.2484,253,True,1,1,1,Normal,neutral
user_069,2026-04-27,0.301,0.508,122.95,2445439,29.113844,18,40.76,-0.051,0.379,0.094,10.27,1,worsening,0.209,404,True,1,2,2,Normal,neutral
user_069,2026-04-28,0.563,0.577,120.96,1453933,11.572962,12,24.23,0.262,0.405,0.139,-16.53,0,improving,0.3593,52,False,0,0,0,Normal,light positive
user_069,2026-04-29,0.358,0.554,106.91,1371699,15.078408,9,22.86,-0.205,0.407,0.138,-1.37,0,worsening,0.3028,129,True,1,1,1,Normal,neutral
user_069,2026-04-30,0.52,0.635,129.53,951840,7.0498366,8,15.86,0.162,0.48,0.108,-7.0,0,improving,0.2132,387,False,0,0,0,Normal,light positive
user_069,2026-05-01,0.405,0.551,131.35,2248078,23.316702,18,37.47,-0.115,0.428,0.083,21.61,0,worsening,0.2511,246,False,0,0,0,Normal,neutral
user_069,2026-05-02,0.468,0.672,119.83,2019403,18.365158,18,33.66,0.063,0.464,0.058,-3.81,0,improving,0.1617,633,False,0,0,0,Normal,neutral
user_069,2026-05-03,0.449,0.607,133.37,2458502,22.576868,16,40.98,-0.019,0.441,0.032,7.32,0,stable,0.1398,769,False,0,0,0,Normal,neutral
user_070,2026-04-13,0.366,0.559,115.98,1451316,18.35837,9,24.19,0.0,0.366,0.0,0.0,1,stable,0.0587,1156,True,1,1,1,Normal,neutral
user_070,2026-04-14,0.421,0.685,141.01,1448379,13.225181,11,24.14,0.055,0.394,0.039,-0.05,1,improving,0.1203,870,False,0,0,0,Normal,neutral
user_070,2026-04-15,0.47,0.558,131.08,1208158,11.263928,8,20.14,0.049,0.419,0.052,-4.0,0,improving,0.0935,1012,False,0,0,0,Normal,neutral
user_070,2026-04-16,0.273,0.563,114.36,1302113,16.171465,8,21.7,-0.197,0.388,0.103,1.56,0,worsening,0.2942,145,True,1,1,1,Normal,reflective
user_070,2026-04-17,0.544,0.584,101.92,1924145,14.237702,10,32.07,0.271,0.429,0.14,10.37,0,improving,0.3974,30,False,0,0,0,Normal,light positive
user_070,2026-04-18,0.386,0.554,113.0,1851443,18.857523,14,30.86,-0.158,0.401,0.136,-1.21,0,worsening,0.2781,173,True,1,1,1,Normal,neutral
user_070,2026-04-19,0.511,0.413,119.88,957690,8.147871,8,15.96,0.125,0.48,0.083,-14.9,0,improving,0.1688,596,False,0,0,0,Normal,light positive
user_070,2026-04-20,0.509,0.581,110.48,2123175,15.566394,18,35.39,-0.002,0.469,0.072,19.43,0,stable,0.0869,1044,False,0,0,0,Normal,light positive
user_070,2026-04-21,0.358,0.59,118.23,2212503,25.659937,13,36.88,-0.151,0.459,0.088,1.49,0,worsening,0.301,132,True,1,1,1,Normal,neutral
user_070,2026-04-22,0.404,0.658,124.06,1284066,14.064224,10,21.4,0.046,0.424,0.077,-15.48,0,improving,0.0994,987,False,0,0,0,Normal,neutral
user_070,2026-04-23,0.439,0.577,124.41,1670738,15.881506,13,27.85,0.035,0.4,0.041,6.45,0,improving,0.1091,943,False,0,0,0,Normal,neutral
user_070,2026-04-24,0.377,0.601,121.66,2667664,28.53049,16,44.46,-0.062,0.407,0.031,16.61,0,worsening,0.2227,355,True,1,1,1,Normal,neutral
user_070,2026-04-25,0.419,0.561,117.52,1806126,16.701124,11,30.1,0.042,0.412,0.032,-14.36,0,improving,0.1293,826,False,0,0,0,Normal,neutral
user_070,2026-04-26,0.538,0.553,124.12,1096434,8.10777,8,18.27,0.119,0.445,0.084,-11.83,0,improving,0.1682,598,False,0,0,0,Normal,light positive
user_070,2026-04-27,0.488,0.627,117.52,982069,10.110317,8,16.37,-0.05,0.482,0.06,-1.9,0,worsening,0.0799,1078,False,0,0,0,Normal,neutral
user_070,2026-04-28,0.467,0.641,125.29,2417414,22.697554,17,40.29,-0.021,0.498,0.036,23.92,0,worsening,0.1358,792,False,0,0,0,Normal,neutral
user_070,2026-04-29,0.462,0.47,125.18,1073347,8.955973,9,17.89,-0.005,0.472,0.014,-22.4,0,stable,0.0319,1216,False,0,0,0,Normal,neutral
user_070,2026-04-30,0.496,0.663,114.89,2323990,18.929987,14,38.73,0.034,0.475,0.018,20.84,0,improving,0.14,767,False,0,0,0,Normal,neutral
user_070,2026-05-01,0.442,0.598,134.67,1632902,16.236034,12,27.22,-0.054,0.467,0.027,-11.51,0,worsening,0.1294,825,False,0,0,0,Normal,neutral
user_070,2026-05-02,0.429,0.569,115.61,2547755,23.646057,16,42.46,-0.013,0.456,0.036,15.24,0,stable,0.1427,745,False,0,0,0,Normal,neutral
user_070,2026-05-03,0.43,0.572,110.59,1322126,13.332801,8,22.04,0.001,0.434,0.007,-20.42,0,stable,0.0453,1197,False,0,0,0,Normal,neutral
user_071,2026-04-13,0.5,0.579,112.35,2540496,22.855957,17,42.34,0.0,0.5,0.0,0.0,0,stable,0.1107,931,False,0,0,0,Normal,light positive
user_071,2026-04-14,0.456,0.623,120.64,2259374,21.94062,15,37.66,-0.044,0.478,0.031,-4.68,0,worsening,0.1559,666,False,0,0,0,Normal,neutral
user_071,2026-04-15,0.568,0.762,108.6,1438087,9.248834,12,23.97,0.112,0.508,0.056,-13.69,0,improving,0.1756,566,False,0,0,0,Normal,light positive
user_071,2026-04-16,0.339,0.604,114.0,1733880,20.235258,10,28.9,-0.229,0.454,0.115,4.93,0,worsening,0.3619,49,True,1,1,1,Normal,neutral
user_071,2026-04-17,0.478,0.572,101.65,2805326,27.516409,18,46.76,0.139,0.462,0.115,17.86,0,improving,0.301,132,False,0,0,0,Normal,neutral
user_071,2026-04-18,0.401,0.458,114.17,1385449,14.991473,11,23.09,-0.077,0.406,0.07,-23.67,0,worsening,0.1445,733,False,0,0,0,Normal,neutral
user_071,2026-04-19,0.438,0.554,120.29,1831291,17.25631,13,30.52,0.037,0.439,0.039,7.43,0,improving,0.1223,862,False,0,0,0,Normal,neutral
user_071,2026-04-20,0.427,0.449,123.68,1714597,15.364764,12,28.58,-0.011,0.422,0.019,-1.94,0,stable,0.0843,1059,False,0,0,0,Normal,neutral
user_071,2026-04-21,0.567,0.553,109.08,1101062,8.163441,10,18.35,0.14,0.477,0.078,-10.23,0,improving,0.1925,482,False,0,0,0,Normal,light positive
user_071,2026-04-22,0.396,0.585,97.02,1698820,16.869843,12,28.31,-0.171,0.463,0.091,9.96,0,worsening,0.2816,168,True,1,1,1,Normal,neutral
user_071,2026-04-23,0.464,0.451,104.69,1527784,13.888569,9,25.46,0.068,0.476,0.086,-2.85,0,improving,0.1372,783,False,0,0,0,Normal,neutral
user_071,2026-04-24,0.393,0.705,100.42,1374180,13.205526,8,22.9,-0.071,0.418,0.04,-2.56,0,worsening,0.1371,784,True,1,1,1,Normal,neutral
user_071,2026-04-25,0.483,0.56,122.95,1282178,11.4196005,11,21.37,0.09,0.447,0.047,-1.53,0,improving,0.147,716,False,0,0,0,Normal,neutral
user_071,2026-04-26,0.538,0.536,130.71,1179282,11.284166,9,19.65,0.055,0.471,0.073,-1.72,0,improving,0.0948,1004,False,0,0,0,Normal,light positive
user_071,2026-04-27,0.408,0.42,108.32,1527125,15.077625,12,25.45,-0.13,0.476,0.065,5.8,0,worsening,0.2183,371,False,0,0,0,Normal,neutral
user_071,2026-04-28,0.4,0.503,125.49,2727831,27.471764,17,45.46,-0.008,0.449,0.077,20.01,0,stable,0.1558,667,False,0,0,0,Normal,neutral
user_071,2026-04-29,0.5,0.565,102.96,1813843,16.121475,9,30.23,0.1,0.436,0.056,-15.23,0,improving,0.1894,501,False,0,0,0,Normal,light positive
user_071,2026-04-30,0.417,0.435,95.62,1052429,11.47776,8,17.54,-0.083,0.439,0.054,-12.69,0,worsening,0.1275,834,False,0,0,0,Normal,neutral
user_071,2026-05-01,0.432,0.559,107.91,1251527,10.632844,9,20.86,0.015,0.45,0.044,3.32,0,stable,0.0574,1162,False,0,0,0,Normal,neutral
user_071,2026-05-02,0.542,0.683,120.31,1458346,11.2688875,13,24.31,0.11,0.464,0.068,3.45,0,improving,0.1766,561,False,0,0,0,Normal,light positive
user_071,2026-05-03,0.462,0.5,109.48,2059275,20.895472,11,34.32,-0.08,0.479,0.057,10.01,0,worsening,0.1858,518,False,0,0,0,Normal,neutral
user_072,2026-04-13,0.435,0.599,129.08,2050731,19.06616,13,34.18,0.0,0.435,0.0,0.0,0,stable,0.0924,1017,False,0,0,0,Normal,neutral
user_072,2026-04-14,0.329,0.506,108.2,761540,9.417432,8,12.69,-0.106,0.382,0.075,-21.49,1,worsening,0.1364,788,True,1,1,1,Normal,neutral
user_072,2026-04-15,0.449,0.517,109.76,1421753,13.776518,11,23.7,0.12,0.404,0.066,11.01,0,improving,0.1951,470,False,0,0,0,Normal,neutral
user_072,2026-04-16,0.461,0.732,106.53,2154405,22.089054,12,35.91,0.012,0.413,0.073,12.21,0,stable,0.1093,941,False,0,0,0,Normal,neutral
user_072,2026-04-17,0.471,0.587,109.01,2795603,32.8937,12,46.59,0.01,0.46,0.011,10.68,0,stable,0.1452,728,False,0,0,0,Normal,neutral
user_072,2026-04-18,0.401,0.637,111.57,1997618,21.276266,14,33.29,-0.07,0.444,0.038,-13.3,0,worsening,0.1793,550,False,0,0,0,Normal,neutral
user_072,2026-04-19,0.552,0.65,137.61,2225200,16.443012,16,37.09,0.151,0.475,0.076,3.8,0,improving,0.2662,201,False,0,0,0,Normal,light positive
user_072,2026-04-20,0.37,0.542,102.46,2542932,28.768955,13,42.38,-0.182,0.441,0.097,5.29,0,worsening,0.3611,51,True,1,1,1,Normal,neutral
user_072,2026-04-21,0.464,0.56,115.26,2545791,25.088297,17,42.43,0.094,0.462,0.091,0.05,0,improving,0.2334,309,False,0,0,0,Normal,neutral
user_072,2026-04-22,0.513,0.729,132.26,1733493,14.71592,13,28.89,0.049,0.449,0.073,-13.54,0,improving,0.121,867,False,0,0,0,Normal,light positive
user_072,2026-04-23,0.446,0.653,123.45,1291747,12.206734,10,21.53,-0.067,0.474,0.035,-7.36,0,worsening,0.1224,861,False,0,0,0,Normal,neutral
user_072,2026-04-24,0.443,0.546,114.63,1424282,13.667222,10,23.74,-0.003,0.467,0.04,2.21,0,stable,0.0535,1172,False,0,0,0,Normal,neutral
user_072,2026-04-25,0.444,0.712,120.14,1783544,18.197447,11,29.73,0.001,0.444,0.002,5.99,0,stable,0.0746,1102,False,0,0,0,Normal,neutral
user_072,2026-04-26,0.406,0.609,119.0,2259769,22.414808,14,37.66,-0.038,0.431,0.022,7.93,0,worsening,0.158,652,False,0,0,0,Normal,neutral
user_072,2026-04-27,0.461,0.668,130.32,1228623,11.250301,10,20.48,0.055,0.437,0.028,-17.18,0,improving,0.1027,971,False,0,0,0,Normal,neutral
user_072,2026-04-28,0.439,0.46,110.58,2437359,22.270609,18,40.62,-0.022,0.435,0.028,20.14,0,worsening,0.1441,737,False,0,0,0,Normal,neutral
user_072,2026-04-29,0.597,0.564,116.77,1825662,12.0714855,13,30.43,0.158,0.499,0.086,-10.19,0,improving,0.2474,258,False,0,0,0,Normal,light positive
user_072,2026-04-30,0.329,0.574,120.03,2588160,27.949327,17,43.14,-0.268,0.455,0.135,12.71,0,worsening,0.4784,10,True,1,1,1,Normal,neutral
user_072,2026-05-01,0.528,0.687,116.66,2260549,17.285149,15,37.68,0.199,0.485,0.139,-5.46,0,improving,0.331,82,False,0,0,0,Normal,light positive
user_072,2026-05-02,0.501,0.651,120.71,1410219,10.213636,11,23.5,-0.027,0.453,0.108,-14.18,0,worsening,0.0766,1094,False,0,0,0,Normal,light positive
user_072,2026-05-03,0.401,0.595,130.73,1451346,14.826368,10,24.19,-0.1,0.477,0.067,0.69,0,worsening,0.1771,558,False,0,0,0,Normal,neutral
user_073,2026-04-13,0.574,0.584,111.3,2075123,15.778754,16,34.59,0.0,0.574,0.0,0.0,0,stable,0.0709,1114,False,0,0,0,Normal,light positive
user_073,2026-04-14,0.432,0.5,120.14,1455304,13.723435,11,24.26,-0.142,0.503,0.1,-10.33,0,worsening,0.2256,341,False,0,0,0,Normal,neutral
user_073,2026-04-15,0.456,0.5,135.41,1410977,12.301891,10,23.52,0.024,0.487,0.076,-0.74,0,improving,0.077,1093,False,0,0,0,Normal,neutral
user_073,2026-04-16,0.453,0.612,132.39,2920666,27.082048,18,48.68,-0.003,0.447,0.013,25.16,0,stable,0.1493,705,False,0,0,0,Normal,neutral
user_073,2026-04-17,0.395,0.579,129.02,2424719,26.060083,13,40.41,-0.058,0.435,0.034,-8.27,0,worsening,0.1962,464,True,1,1,1,Normal,neutral
user_073,2026-04-18,0.444,0.696,131.62,1434783,13.455138,8,23.91,0.049,0.431,0.031,-16.5,0,improving,0.11,936,False,0,0,0,Normal,neutral
user_073,2026-04-19,0.388,0.458,117.25,1625045,16.651543,13,27.08,-0.056,0.409,0.031,3.17,0,worsening,0.1374,782,True,1,1,1,Normal,neutral
user_073,2026-04-20,0.602,0.729,127.78,1658626,11.039333,13,27.64,0.214,0.478,0.111,0.56,0,improving,0.3069,120,False,0,0,0,Normal,light positive
user_073,2026-04-21,0.384,0.424,136.61,2199169,22.084148,17,36.65,-0.218,0.458,0.125,9.01,0,worsening,0.3767,40,True,1,1,1,Normal,neutral
user_073,2026-04-22,0.419,0.76,131.93,2094074,20.462603,15,34.9,0.035,0.468,0.117,-1.75,0,improving,0.1405,763,False,0,0,0,Normal,neutral
user_073,2026-04-23,0.503,0.586,105.02,1207303,9.685582,10,20.12,0.084,0.435,0.061,-14.78,0,improving,0.1339,804,False,0,0,0,Normal,light positive
user_073,2026-04-24,0.434,0.607,117.01,1299728,12.657977,9,21.66,-0.069,0.452,0.045,1.54,0,worsening,0.1262,841,False,0,0,0,Normal,neutral
user_073,2026-04-25,0.33,0.557,116.59,2181485,26.271675,14,36.36,-0.104,0.422,0.087,14.7,0,worsening,0.2464,263,True,1,1,1,Normal,neutral
user_073,2026-04-26,0.459,0.355,129.75,1159634,9.688722,8,19.33,0.129,0.408,0.068,-17.03,0,improving,0.1884,508,False,0,0,0,Normal,neutral
user_073,2026-04-27,0.444,0.549,125.08,1854946,17.046019,11,30.92,-0.015,0.411,0.071,11.59,0,stable,0.0963,998,False,0,0,0,Normal,neutral
user_073,2026-04-28,0.473,0.573,123.2,1387784,11.871158,9,23.13,0.029,0.459,0.015,-7.79,0,improving,0.0801,1076,False,0,0,0,Normal,neutral
user_073,2026-04-29,0.412,0.46,106.37,901389,8.574107,8,15.02,-0.061,0.443,0.031,-8.11,0,worsening,0.0904,1028,False,0,0,0,Normal,neutral
user_073,2026-04-30,0.554,0.618,122.9,2291761,16.203976,18,38.2,0.142,0.48,0.071,23.18,0,improving,0.2584,223,False,0,0,0,Normal,light positive
user_073,2026-05-01,0.313,0.467,89.27,1210355,13.625033,8,20.17,-0.241,0.426,0.121,-18.03,0,worsening,0.3372,79,True,1,1,1,Normal,neutral
user_073,2026-05-02,0.466,0.483,120.82,962316,8.838111,8,16.04,0.153,0.444,0.122,-4.13,0,improving,0.2047,424,False,0,0,0,Normal,neutral
user_073,2026-05-03,0.533,0.633,115.07,2376509,19.544743,18,39.61,0.067,0.437,0.113,23.57,0,improving,0.1758,564,False,0,0,0,Normal,light positive
user_074,2026-04-13,0.388,0.394,114.42,1404382,13.884454,10,23.41,0.0,0.388,0.0,0.0,1,stable,0.0533,1173,True,1,1,1,Normal,neutral
user_074,2026-04-14,0.368,0.571,119.24,2467145,28.681015,16,41.12,-0.02,0.378,0.014,17.71,1,stable,0.1588,647,True,1,2,2,Normal,neutral
user_074,2026-04-15,0.502,0.609,117.94,996822,8.136742,8,16.61,0.134,0.419,0.072,-24.51,0,improving,0.1824,534,False,0,0,0,Normal,light positive
user_074,2026-04-16,0.62,0.639,114.0,1232517,7.676305,9,20.54,0.118,0.497,0.126,3.93,0,improving,0.1689,595,False,0,0,0,Normal,light positive
user_074,2026-04-17,0.251,0.485,99.87,1459902,18.736916,9,24.33,-0.369,0.458,0.188,3.79,0,worsening,0.519,5,True,1,1,1,Normal,reflective
user_074,2026-04-18,0.489,0.589,128.11,2255970,18.762344,15,37.6,0.238,0.453,0.187,13.27,0,improving,0.3855,35,False,0,0,0,Normal,neutral
user_074,2026-04-19,0.323,0.359,106.24,2058909,23.050985,14,34.32,-0.166,0.354,0.122,-3.28,0,worsening,0.3133,111,True,1,1,1,Normal,neutral
user_074,2026-04-20,0.406,0.601,114.82,1975863,22.140362,13,32.93,0.083,0.406,0.083,-1.39,0,improving,0.1928,480,False,0,0,0,Normal,neutral
user_074,2026-04-21,0.359,0.455,124.1,1457435,16.136393,10,24.29,-0.047,0.363,0.042,-8.64,1,worsening,0.117,894,True,1,1,1,Normal,neutral
user_074,2026-04-22,0.574,0.661,94.5,1022392,5.5311804,8,17.04,0.215,0.446,0.113,-7.25,0,improving,0.2794,171,False,0,0,0,Normal,light positive
user_074,2026-04-23,0.399,0.629,131.41,2075257,21.826094,14,34.59,-0.175,0.444,0.114,17.55,0,worsening,0.3129,113,True,1,1,1,Normal,neutral
user_074,2026-04-24,0.345,0.653,136.28,997153,10.42495,10,16.62,-0.054,0.439,0.12,-17.97,0,worsening,0.0912,1024,True,1,2,2,Normal,neutral
user_074,2026-04-25,0.429,0.519,118.23,1311872,13.023268,14,21.86,0.084,0.391,0.043,5.24,1,improving,0.1456,726,False,0,0,0,Normal,neutral
user_074,2026-04-26,0.446,0.583,124.75,1792575,17.344372,15,29.88,0.017,0.407,0.054,8.02,0,stable,0.0944,1007,False,0,0,0,Normal,neutral
user_074,2026-04-27,0.391,0.622,108.91,2923139,30.619799,17,48.72,-0.055,0.422,0.028,18.84,0,worsening,0.2293,325,True,1,1,1,Normal,neutral
user_074,2026-04-28,0.432,0.664,115.98,1325795,11.956992,13,22.1,0.041,0.423,0.029,-26.62,0,improving,0.0941,1009,False,0,0,0,Normal,neutral
user_074,2026-04-29,0.303,0.42,105.32,1297241,14.095475,8,21.62,-0.129,0.375,0.066,-0.48,1,worsening,0.2088,406,True,1,1,1,Normal,neutral
user_074,2026-04-30,0.433,0.489,109.02,1233340,11.872869,11,20.56,0.13,0.389,0.075,-1.06,1,improving,0.1961,465,False,0,0,0,Normal,neutral
user_074,2026-05-01,0.418,0.655,118.85,2742132,29.214647,17,45.7,-0.015,0.385,0.071,25.14,1,stable,0.161,636,False,0,0,0,Normal,neutral
user_074,2026-05-02,0.543,0.654,127.47,1743677,13.459693,13,29.06,0.125,0.465,0.068,-16.64,0,improving,0.2102,401,False,0,0,0,Normal,light positive
user_074,2026-05-03,0.356,0.535,115.26,2228016,25.524134,14,37.13,-0.187,0.439,0.095,8.07,0,worsening,0.3463,65,True,1,1,1,Normal,neutral
user_075,2026-04-13,0.469,0.462,119.67,1743529,16.505701,13,29.06,0.0,0.469,0.0,0.0,0,stable,0.0675,1129,False,0,0,0,Normal,neutral
user_075,2026-04-14,0.424,0.626,134.56,1348145,13.3307495,9,22.47,-0.045,0.447,0.032,-6.59,0,worsening,0.1011,977,False,0,0,0,Normal,neutral
user_075,2026-04-15,0.548,0.565,128.3,2147767,16.771456,17,35.8,0.124,0.48,0.063,13.33,0,improving,0.2299,323,False,0,0,0,Normal,light positive
user_075,2026-04-16,0.53,0.656,121.97,1954384,15.751018,16,32.57,-0.018,0.501,0.067,-3.23,0,stable,0.0934,1013,False,0,0,0,Normal,light positive
user_075,2026-04-17,0.417,0.675,117.93,2387561,22.943312,18,39.79,-0.113,0.498,0.071,7.22,0,worsening,0.256,231,False,0,0,0,Normal,neutral
user_075,2026-04-18,0.527,0.589,127.0,2372608,20.398642,17,39.54,0.11,0.491,0.064,-0.25,0,improving,0.2291,326,False,0,0,0,Normal,light positive
user_075,2026-04-19,0.562,0.564,105.32,1542113,11.998601,11,25.7,0.035,0.502,0.076,-13.84,0,improving,0.0878,1039,False,0,0,0,Normal,light positive
user_075,2026-04-20,0.512,0.586,101.0,1404622,10.848165,10,23.41,-0.05,0.534,0.026,-2.29,0,worsening,0.1033,969,False,0,0,0,Normal,light positive
user_075,2026-04-21,0.528,0.581,125.0,1455829,12.131383,10,24.26,0.016,0.534,0.026,0.85,0,stable,0.0634,1141,False,0,0,0,Normal,light positive
user_075,2026-04-22,0.515,0.595,117.68,2261866,19.298569,18,37.7,-0.013,0.518,0.009,13.44,0,stable,0.1072,954,False,0,0,0,Normal,light positive
user_075,2026-04-23,0.471,0.708,109.49,1511534,14.001384,14,25.19,-0.044,0.505,0.03,-12.51,0,worsening,0.1063,956,False,0,0,0,Normal,neutral
user_075,2026-04-24,0.52,0.617,105.71,1700033,11.780993,12,28.33,0.049,0.502,0.027,3.14,0,improving,0.1182,883,False,0,0,0,Normal,light positive
user_075,2026-04-25,0.438,0.519,122.18,3120374,30.42927,18,52.01,-0.082,0.476,0.041,23.68,0,worsening,0.2627,209,False,0,0,0,Normal,neutral
user_075,2026-04-26,0.467,0.502,121.64,1703600,16.710197,14,28.39,0.029,0.475,0.042,-23.62,0,improving,0.1005,983,False,0,0,0,Normal,neutral
user_075,2026-04-27,0.382,0.533,128.47,2994919,33.064484,18,49.92,-0.085,0.429,0.043,21.53,0,worsening,0.2734,188,True,1,1,1,Normal,neutral
user_075,2026-04-28,0.506,0.563,114.93,3213973,27.820866,18,53.57,0.124,0.452,0.063,3.65,0,improving,0.2996,133,False,0,0,0,Normal,light positive
user_075,2026-04-29,0.609,0.767,106.92,1070154,7.169743,8,17.84,0.103,0.499,0.114,-35.73,0,improving,0.1439,739,False,0,0,0,Normal,light positive
user_075,2026-04-30,0.457,0.512,103.92,1430090,14.295231,11,23.83,-0.152,0.524,0.078,5.99,0,worsening,0.2338,307,False,0,0,0,Normal,neutral
user_075,2026-05-01,0.535,0.521,125.87,1816154,15.406844,16,30.27,0.078,0.534,0.076,6.44,0,improving,0.158,652,False,0,0,0,Normal,light positive
user_075,2026-05-02,0.476,0.526,124.73,2067166,17.20168,16,34.45,-0.059,0.489,0.041,4.18,0,worsening,0.1585,649,False,0,0,0,Normal,neutral
user_075,2026-05-03,0.478,0.567,129.79,1291732,10.884137,9,21.53,0.002,0.496,0.034,-12.92,0,stable,0.0409,1205,False,0,0,0,Normal,neutral
